biuro@vertihor.pl     
zylarski@gmail.com     
woj_elektro@wp.pl     
monika.bertling@gea.com     
p.prajzner@el-praj.pl     
piotr253@vp.pl     
klimatex@poczta.onet.pl     
mginstalacje@neostrada.pl     
biuro@peranek.pl     
eleinstal@eleinstal.pl     
dargaz@dargaz.pl     
warszawa@dipol.com.pl     
info@clima.com.pl     
darekromaniuk@gmail.com     
instalacjeeldam@gmail.com     
zmuda.tomasz.93@gmail.com     
pobikrowskimarek@vp.pl     
projektprzylacza@wp.pl     
biuro@apex-instal.pl     
leczyckijerzy@wp.pl     
envir@envir.pl     
kontakt@elektrojon.pl     
wardaks@wp.pl     
kuzniaspj2@wp.pl     
pbratkowski@poczta.onet.pl     
biuro@antygrom.pl     
wojciech.matusik@vp.pl     
kontakt@klimatycznie.waw.pl     
samex@samex.pl     
sadochlukasz1981@gmail.com     
andrzej.sokolik@interia.pl     
kruk_rafal@wp.pl     
biuro@instal-bud.biz     
wgd.instal@wp.pl     
kamilhetmanski1984@gmail.com     
lukasz.jalocha01@gmail.com     
elmax.instal@gmail.com     
biuro@polterms.com.pl     
mk.instalacje.grzewcze@gmail.com     
sylwek.pawelczyk@wp.pl     
bartekwawro9@gmail.com     
inwestserwis2@wp.pl     
kontakt@as-elektrostart.pl     
marcelinstalacje@wp.pl     
biuro@iglotechnika.pl     
d.niedbala98@wp.pl     
instal.hryszko@interia.pl     
golanmarek@gmail.com     
ecoele8908@gmail.com     
inst-el@inst-el.onet.pl     
klima.wentrik@wp.pl     
carax@carax.pl     
kontakt@wasgaz.pl     
mateuszelektryk@onet.pl     
kontakt@jagahouse.pl     
m.ignaciuk29@gmail.com     
m4t3o93@gmail.com     
mr-elektro@o2.pl     
tomasz.szczepek@o2.pl     
mkelektryk@hot.pl     
thebeast539@wp.pl     
pawelperzyna886@gmail.com     
ewjol@o2.pl     
ewa.w8@autograf.pl     
krzysztofkonarski21@wp.pl     
info@alertprotection.pl     
waldepolec@poczta.onet.pl     
klim-wel@klim-wel.pl     
biuro@elemix.com.pl     
electroteambiuro@gmail.com     
marekwitwera@gmail.com     
alarmserwis@vp.pl     
pawel.kajszczak@wp.pl     
biuro@ingenium.net.pl     
tomasz@fullcomfort.pl     
rinxserwis@gmail.com     
damian@duovolt.pl     
pawel.swistak1@o2.pl     
pwiechecki@o2.pl     
mateusz.instalacje@interia.pl     
kamel.biuro@gmail.com     
pbsc-mokotow@wp.pl     
tomaszmarchel@outlook.com     
kontakt@klimski.pl     
krzysztof.peczek@wp.pl     
kontakt@komfortcieplny.pl     
renel.podgorski@wp.pl     
sanitexartur@o2.pl     
telemain@telemain.pl     
darek@winterklim.pl     
biuro@odkurzdom.pl     
info@panrurka.pl     
m_pantola@poczta.onet.pl     
wjachna@gmail.com     
jan.mieszczak@wp.pl     
pjozenas@gasmont.pl     
biuro@conectel.pl     
tronia@poczta.onet.pl     
autogazsuski@op.pl     
mascar@stag.pl     
karol.redecki@wp.pl     
alarmy.sarnowski@gmail.com     
s.ostrowski@nsbcontral.com     
martin.woler.cs@vp.pl     
warszawa@juwentslask.com.pl     
grajek@arsonsystem.pl     
grzegorz.puda@novimax.pl     
daniel.skulski@gmail.com     
jacek.dymowski@dor-tel.com.pl     
zberescinski@o2.pl     
biuro@salzab.com.pl     
biuro@eltech-klim.pl     
piotr.kopiecki@wp.pl     
alkon@orange.pl     
slawomir-sobkowicz@wp.pl     
info@telnes.pl     
pawel.soowa@vp.pl     
makowskilpg@gmail.com     
biuro@kilklim.pl     
mcinstalator@gmail.com     
krysiakzdzislaw05@gmail.com     
arkadiuszdomanski@op.pl     
skwara1990@gmail.com     
marekmiler@op.pl     
biuro@akp-serwis.pl     
mariuszbuzes@wp.pl     
sylwestersiwy@wp.pl     
adrian.oleksik06@gmail.com     
j.szyszkowski1@gmail.com     
balcerpawel@gmail.com     
kongaz.kondraciuk@gmail.com     
info@elektryk-krolak.pl     
biuro@elektrofaza.com     
janusznowakowski3@gmail.com     
biuro@ip-system.pl     
elektro.instal2022@gmail.com     
dariuszradomski@icloud.com     
jwilczak88@wp.pl     
wlodekgolab@o2.pl     
grzegorz.gulkiewicz@gmail.com     
greensun@o2.pl     
jacekzajac77@gmail.com     
skarabeusz@list.pl     
eltros@wp.pl     
klos_andrzej@wp.pl     
kopytowski@onet.eu     
pjurkiewicz.72@o2.pl     
waldemar.machnowski@o2.pl     
andrzej-legowski@wp.pl     
el-dam.lukasiewicz@wp.pl     
infopl@airproducts.com     
dif@send.pl     
zapytania@pl.linde-gas.com     
info@affs.pl     
luki010483@wp.pl     
biuro@alptrek.pl     
biuro@administrator.net.pl     
elhyd.pawelrozycki@gmail.com     
stahler@onet.pl     
biuro@akint.pl     
biuro@probon.pl     
taurus.mk@wp.pl     
pienkosz@onet.eu     
biuro@protegosecurity.eu     
biuro@dasaj.pl     
biuro@transmid.pl     
wojciech@elkomech.pl     
biuro@metalmax.pl     
impulspw@impulspw.com.pl     
handlowy@onninen.pl     
wodinz@wodinz.pl     
info@jaga.com.pl     
teltech@pro.onet.pl     
plleszek@poczta.onet.pl     
biuro@kompresortechnik.pl     
serwisstokrotki@wp.pl     
rrrobert@vp.pl     
r_kowalski@op.pl     
mpwik@mpwik-blonie.pl     
biuro@metconcept.com     
drabud@onet.pl     
vv@constant-bud.net     
simplexbiuro@gmail.com     
poldom@poldom.radom.pl     
paw@elwek.pl     
oost2681q@wp.pl     
Lakalakabishka@gmail.com     
biuro@mdw.waw.pl     
info@nowoczesneinstalacjesklep.pl     
kontakt@completehome.pl     
strazak@strazak.waw.pl     
sklep@swiatlazienek.com.pl     
banaszewskipro@o2.pl     
zarzyk2005@wp.pl     
bts@bts-pl.com     
projekty@idomq.pl     
avarus@avarus.pl     
info@technocold.pl     
lukasz0878@wp.pl     
progressklima@progressklima.com.pl     
levr@levr.pl     
handlowy@techpomp.pl     
biuro@hydraulika-jurzysta.eu     
kominiarz2@o2.pl     
piotrdyk@gazeta.pl     
brothubert106@gmail.com     
luft63@wp.pl     
tomador.radom@gmail.com     
biuro@trebor.net.pl     
biuro@reneko.com.pl     
gcar135@o2.pl     
mariusz.stanikowski@wp.pl     
marekwolos1611@o2.pl     
hunter.artur@gmail.com     
xtherm@xtherm.pl     
klimel.tj@gmail.com     
marek_s1971@o2.PL     
dariuszbialas1@gmail.com     
nev-instal@tlen.pl     
cerber@cr.pl     
info@perkun.pl     
instalacje@plomerowarszawa.pl     
info@twmtermo.pl     
andrzej-grzesznik@wp.pl     
kontakt@ecoenergia-fotowoltaika.pl     
samex.bud@gmail.com     
dawid192000@gmail.com     
kobylinski7210@op.pl     
radoslaw.grzegorczyk4@wp.pl     
michal.danillo@gazeta.pl     
pphuinstalserwis@wp.pl     
infotawis@gmail.com     
info@vimserwis.pl     
irpol@szambabetonowe.expert     
sebastian.sawicki@irmatic.pl     
kurowski@ogarwolin.pl     
polplumb@gmail.com     
piotronik@piotronik.pl     
jurtech.instal@gmail.com     
wod-kan-pruszkow@wp.pl     
biuro@rrinstal.com     
mdmklima@op.pl     
biuro@i-pcserwis.pl     
biuro@bolid.pl     
agro-mechanika@wp.pl     
biuro@szambawodoszczelne.radom.pl     
biuro@dbprofesja.pl     
biuro@antex-anteny.pl     
t.rutkowski@o2.pl     
rybek@post.pl     
iryna.vp@gmail.com     
zdzisiek.dawidczyk@wp.pl     
M1.jaworska@wp.pl     
biuro@rutpoz.pl     
michal.gontarski@wp.pl     
daru.t@op.pl     
d.kluge@kluge.pl     
serwis@helkom.com.pl     
artur.szymkiewicz@meblart.waw.pl     
a.m.parys@wp.pl     
zuksc@interia.pl     
aquadro.warszawa@gmail.com     
serwis@msenkalska.pl     
mariuszczajka24@gmail.com     
a.mezynski23@gmail.com     
zibibielec@gmail.com     
warsztat@autowesola.pl     
hydro_technika@vp.pl     
lukasz@kominiarzvogt.pl     
www.patryk_gajcy91@wp.pl     
estetikbud@gmail.com     
biuro@ambitech.pl     
wkprojekt.biuro@gmail.com     
kamtechanteny@gmail.com     
wilgos_sc@o2.pl     
szymon.szkoleniaoze@gmail.com     
tomasz.graff75@gmail.com     
piotrektrojan20@wp.pl     
wyceny@hydro-bud.net     
biuro@projektykiezel.pl     
tomasz.jackiewicz@o2.pl     
romanborek5@interia.pl     
mateusz.sadowski3244@gmail.com     
grupa@el4.pl     
robert.syga@libras-electronic.pl     
biuro@mpsc.pl     
pawel.kaca67@gmail.com     
mgmarczak@gmail.com     
wisat@wisat.pl     
kamilpiasecki2@wp.pl     
techfire@techfire.pl     
biuro@plast-bud.com     
adam.bolewicki@agb.waw.pl     
zarzad@neoenergetyka.pl     
mdobrzynska18@interia.pl     
aquakam@interia.pl     
andrzejskurczynski@wp.pl     
imar17@op.pl     
biuropat-kop@wp.pl     
biuro@druki-akcydensowe.eu     
obrebska@klimawent.pl     
energia-serwis@wp.pl     
anna.z@sejcom.eu     
info@wyrozebski.pl     
biuro@kowi.waw.pl     
biuro@termil.pl     
stajniamustangow@onet.pl     
perfektdach3@wp.pl     
witkowski@masztyflagowe.pl     
solumi@wp.pl     
kontakt@kominiarze.com.pl     
nagel-1965@o2.pl     
info@mtm.com.pl     
instalbud@interia.pl     
m.drozdowicz@pogotowieklimatyzacyjne.pl     
marekkopyt@o2.pl     
info@pl.coltgroup.com     
donald.szczepanik@gmail.com     
s.wlodarczyk@interia.pl     
biuro@klimaheat.pl     
zrrb.wos@poczta.internetdsl.pl     
biuro@eldom-instal.pl     
biuro@solart.com.pl     
zawiszaochrona@op.pl     
tomaszjanuszko@o2.pl     
izmonter@wp.pl     
asmed-gaz@wp.pl     
laboratorium@electrolab.pl     
biurokssystem@wp.pl     
kim_hydraulika@interia.pl     
info@gasconcept.com     
radom@spe.org.pl     
rbelczyk@wp.pl     
frost_chlod@op.pl     
info@kominiarz.wolomin.pl     
petroko@petroko.com.pl     
a.sozoniuk@andres.waw.pl     
biuro@ogniopol.waw.pl     
leszekdabrowa@interia.pl     
biuro@konor.waw.pl     
kombud@home.pl     
w.jeczmieniowski@gmail.com     
zawzremb@zawzremb.pl     
wodo2@op.pl     
lusako_inwestycje@wp.pl     
biuro@comfortsystems.pl     
grabowskikominiarstwo@onet.pl     
phuandkop@wp.pl     
vvsror@wp.pl     
wiktorchochowski@gmail.com     
sanko.sikora@gmail.com     
putec@o2.pl     
monters.service@vp.pl     
info@szambobetonowe24.pl     
radekglinak8@gmail.com     
atinstalacje@interia.pl     
dariuszszczepaniak@onet.pl     
remontyas32@gmail.com     
czarekleg@gmail.com     
klimawisniewskicentrum@gmail.com     
mieczyslaw.uslugi.hydr@gmail.com     
turboklima@wp.pl     
jacekborkowski@op.pl     
slawek.bilinski@onet.eu     
reszczynski.piotr1@gmail.com     
biuro@wikpro.eu     
czm@czm.waw.pl     
artexkop@wp.pl     
wojtala2@wp.pl     
pachala.damian@gmail.com     
hydromat@hydromat.waw.pl     
rmwentylacje@gmail.com     
biuro@inbud24.eu     
biuro@instalekspert.com     
chudyy48@gmail.com     
techgrzewcza@vp.pl     
brak     
raki@neostrada.pl     
grzesbandzul@interia.eu     
wodomiar@interia.eu     
inzynieria.bezpieczenstwa.poz@gmail.com     
arek.lojewski@gmail.com     
jarek12_2007@interia.pl     
iplap@o2.pl     
euro-poz@wp.pl     
jacekmatulka@wp.pl     
zwsekretarz@gmail.com     
marek.bazylewski@wp.pl     
sebcon.s.filuba@poczta.onet.pl     
marysiakotek1235@wp.pl     
darekmieszkowski07@gmail.com     
biuro@budomax-as.pl     
wgradzki@vp.pl     
mfilip92@gmail.com     
endri1711@gmail.com     
info.elcom@wp.pl     
infokabloteks@op.pl     
biuro@gomar.info     
uslugikominiarskie.m.karbowski@interia.pl     
actions@actions.com.pl     
krzysztof.szumila@gmail.com     
z.zolek@zbychnet.waw.pl     
gierwatowskislawomir@gmail.com     
pawel16@onet.pl     
popularna@popularna.pl     
biuro@lokatybudowlane.pl     
biuro@perfectplus.pl     
aconexim@aconexim.pl     
wynajem@anmix.pl     
biuro@hgs.waw.pl     
piotr.lyson@lemarpol.pl     
lipowskijan@gmail.com     
betoniarnia@stambet-bud.pl     
sekretariat@did-zan.waw.pl     
biuro@kriscar.waw.pl     
wodmixradom@onet.pl     
asuska@ascar.com.pl     
easyopen@easyopen.pl     
dafhouse.info@gmail.com     
skol1@wp.pl     
piotrek.g0@o2.pl     
kamilek.jc@gmail.com     
jpwyc@wp.pl     
transnec@transnec.waw.pl     
cezan_moto@wp.pl     
tadeusz.jerzy.rutaa@wp.pl     
tynkipietrasik@o2.pl     
pracownia@ppms.biz     
krawczyk10@outlook.com     
info@zaciskowe.pl     
pphu.bimart@neostrada.pl     
piotrmojsa@vp.pl     
morozyuckyura@gmail.com     
biuro@pgwpawlak.pl     
car-matex@wp.pl     
kontakt@syberol.pl     
biuro@technolog-woku.pl     
biuro@akkonstrukcje.pl     
biuro@dryart.pl     
as.pol@poczta.fm     
kombud_s.c@wp.pl     
jacek.sliwa74@wp.pl     
lidia.sledziewska@wp.pl     
kominiarskie.warszawa@gmail.com     
gumocar@wp.pl     
grupaartmar@wp.pl     
m.sciagaj@gmail.com     
biuro@blizejzrodla.pl     
art.stal@interia.pl     
kontakt@cominki.pl     
info@estey.com.pl     
biuro@gen-sys.pl     
marek.scibek11@poczta.fm     
fos.kubat@gmail.com     
biuro@magic-light.pl     
szymon.kalbarczyk@wp.pl     
poczta@roboty-ziemne.net.pl     
sewers.warszawa@gmail.com     
biuro@glob-kz.pl     
serwiskabiny@op.pl     
ami_zielonka@wp.pl     
info@decotel.pl     
sekretariat@wapo-tech.com     
kontakt@frigo-therm.pl     
celinskiartur@tlen.pl     
urbij1@wp.pl     
atermal@atermal.pl     
biurorafbud@wp.pl     
irkop@tlen.pl     
damiancwiek1429@op.pl     
grzegorzwiatrowski5@gmail.com     
biuro@protecsystem.eu     
ewelkaz16@wp.pl     
alnor@alnor.com.pl     
piotr@grinland.pl     
wladyslaw.szczerski@gmail.com     
office@uni-lux.pl     
r67nowicki@op.pl     
tomekkorab@wp.pl     
jacek-lebioda@wp.pl     
puh@puh.com.pl     
pawelsmolinski@onet.pl     
rafalmistrzu@gmail.com     
sprzedaz@monitoringgps.eu     
biuro@stampgrawer.pl     
mariuszkoparki@wp.pl     
jakac.s@wp.pl     
janplachta@op.pl     
biuro@bramy-aga.pl     
artus2006@op.pl     
biuro@okna-okplast.pl     
armatech@armatech.com.pl     
pgk@pgk.plonsk.pl     
dutkalski@gmail.com     
tesart@tesart.pl     
demadarek@wp.pl     
dodokominki.76@o2.pl     
biuro@fiskal.com.pl     
kontakt@eso.waw.pl     
ko-mi@o2.pl     
biuro@ibmp.pl     
fortserwiswind@wp.pl     
k2.alpinistyka@wp.pl     
rad80@wp.pl     
autoklinikapiaseczno@wp.pl     
edwardkostrzewa@wp.pl     
m.jaskolski@onet.eu     
norbert.tchorznicki@gmail.com     
olwissc@wp.pl     
perzan@post.pl     
geodeta@azymut2.pl     
obsluga@itomega.pl     
kzielinski351x@gmail.com     
dodo70@onet.eu     
sadlowski26@wp.pl     
winiar85@wp.pl     
radom@dokumenta.pl     
piotr.przybyszewski45@wp.pl     
remixiaksiako@gmail.com     
diakom@adres.pl     
tj.elektroinstalacje@poczta.onet.pl     
maciekgalas@interia.pl     
serwis_101@wp.pl     
sancobud@gmail.com     
sac@vp.pl     
jacekakumulatory@wp.pl     
biuro@adaptronica.pl     
krzysiekegida@wp.pl     
interzurt@op.pl     
rotech@2com.pl     
polerniajusinski@wp.pl     
dobkowskil@gmail.com     
adam_bobinski@poczta.onet.pl     
kontakt@centrumkominiarstwa.pl     
wysockitransport@gmail.com     
jakbet3@gmail.com     
biuro.pf@km-c.com.pl     
biuro@maszynypralnicze.net     
roman.kokosz@wp.pl     
soprojekt@soprojekt.pl     
ekos@euromail.pl     
andrzej.nakielski@gmail.com     
pracownia@a5architekci.pl     
adar-mechanika@o2.pl     
express.service1@gmail.com     
biuro@optilogpartner.com     
biuro@geoglob.eu     
zbyszek_zajac@op.pl     
biuro@beninca.pl     
kontakt@elwico.com.pl     
piotr.olczyk@polpro.eu     
handel@techniprot.pl     
jurkowski@jurkowscy.net     
danielwojda1@gmail.com     
zalewski.j@op.pl     
biuro@cbsdetektywistyka.pl     
baprawski@wp.pl     
akten@akten.pl     
sklep@24komj.pl     
info@2a.pl     
andrzej.kaim@o2.pl     
andraszek@op.pl     
mariusz.sobieski@wp.pl     
biuro@3q-projekt.pl     
kj531679@gmail.com     
sebastian.4secure@vp.pl     
mariusz.kurek@4cv.gsm.pl     
mariottipartners@op.pl     
biuro@4security.eu     
biuro@4upv.pl     
biuro@6ms.pl     
fawor_1@wp.pl     
r.konski@88consulting.pl     
arkadiusz.sawicki@op.pl     
adamdobrowolski2@wp.pl     
biuro@abindustry.com     
abacom@onet.pl     
maciekkoludzki@gmail.com     
biuro@abaks-system.pl     
office@abakus-olsztyn.pl     
elektryczne.uslugi.siedlce@gmail.com     
abc.inzynieria@poczta.onet.eu     
alarmiarz@op.pl     
patrykkorzeniewski@op.pl     
ziebadamian@o2.pl     
tomektomala@onet.eu     
abcug@poczta.fm     
abrams@abrams.com.pl     
abrexim@gmail.com     
abs.systemy@interia.pl     
abt@wp.pl     
biuro@serwis-ace.pl     
acme@acme.com.pl     
biuro@a-connect.pl     
bozena.stefanska@action.pl     
activa@op.pl     
elek27@o2.pl     
wave.adam.dabek@gmail.com     
electro.guard.instalacje@gmail.com     
adampiorkowski8@gmail.com     
polkowski.adam@gmail.com     
as.skwarnicki@wp.pl     
adamwitkows9@gmail.com     
adamus142@o2.pl     
zochowskiadam@o2.pl     
agrotur.adamscy@op.pl     
andrzej.2511@op.pl     
ledyradom@wp.pl     
arkadiuszdrozdzal@o2.pl     
jarko550@wp.pl     
biuro.adgaz@gmail.com     
arek.banaszek@gmail.com     
marcin.nasilowski@wp.pl     
biuro@admex.pl     
adrian.adamus0203@gmail.com     
adrian.gagolewski@onet.pl     
adrian.klamczynski@gmail.com     
adgaz@wp.pl     
gracjan.witak@gmail.com     
tylickidariusz@wp.pl     
biuro@estetycznezakupy.pl     
kamil.burchacki@gmail.com     
biuro@afm.info.pl     
mik.gorzalczynski@gmail.com     
adamgrabarek@vp.pl     
listy@agtelecom.pl     
biuro@agat-koluszki.pl     
agatplock@agat-koluszki.pl     
biuro@agat-security.pl     
agataslubecka@interia.pl     
wigus@buziaczek.pl     
biuro@agdinstalacje.pl     
dariusz.gruba@gmail.com     
biuro@aokowalczyk.pl     
agmartelekom@gmail.com     
info@agn.com.pl     
aguska.k.94@gmail.com     
jarzyna99@wp.pl     
ahojgsm@gmail.com     
office@ailleron.com     
biuro@aisys.pl     
akade@akade.pl     
kszymczak@autograf.pl     
adaml7@interia.pl     
alamin1@pro.onet.pl     
bau.und.reparatur@gmail.com     
instalacje.alarmowe@gmail.com     
alarmservice@wp.pl     
zdziechserwis@gmail.com     
biuro@alarmteam.pl     
alarm_projekt@wp.pl     
biuro.alarmtech@gmail.com     
office@alarmtower.com     
krzysztof.kwiecien1@wp.pl     
zu.alart@wp.pl     
alartoms@interia.pl     
albertkudla@wp.pl     
biuro@alcorn.pl     
aldomsc@o2.pl     
aleksander.olsan@gmail.com     
jan.aleksandrowicz@op.pl     
telkopol@gmai.com     
outlet@aleotti.pl     
magazyn@aleotti.pl     
alertvolt@o2.pl     
smurfik@wp.pl     
juszczynski.praca@gmail.com     
rwoj6@wp.pl     
zpotacki@gmail.com     
logmagac@wp.pl     
algregg@wp.pl     
oddzial.kaniowska@alkam-security.pl     
alkam@alkam-security.pl     
alkam-tech@wp.pl     
lightfrol@gmail.com     
m.stanczak00@gmail.com     
maciej.ilach@wp.pl     
t.podobas@gmail.com     
allux@wp.pl     
mcegielka@interia.eu     
almar_tvsat@poczta.onet.pl     
almarserwis@wp.pl     
almar-sj@wp.pl     
a.ziolkowski@alm-at.com.pl     
alma-tech@wp.pl     
adrankowski@poczta.onet.pl     
almont@op.pl     
al-mont@wp.pl     
mar_cin1269@wp.pl     
lukaszwiech87@gmail.com     
info@mstt.eu     
zuialsat@op.pl     
biuro@al-ster.com     
albert.ch@onet.eu     
dominik.kacikowski@wp.pl     
altech@altech.waw.pl     
altel-bud@o2.pl     
jmickiewicz1@wp.pl     
info@altertel.pl     
alumontsocha@wp.pl     
robert.majkowski@alunet.pl     
piotrwozniak81@wp.pl     
awamax@wp.pl     
biuro@ambimatic.pl     
ame-s@o2.pl     
amgcontrols@gmail.com     
amgs@onet.eu     
amicor@amicor.pl     
lukasz.slodkowski@orange.pl     
biuro@amnisenergia.pl     
amperks@op.pl     
patryk.uzieblo89@onet.pl     
malinowski.1983@wp.pl     
amper@interia.pl     
biuro@amperserwis.pl     
amper.serwis@post.pl     
grzybson2011@gmail.com     
elektrykostroleka@gmail.com     
amper@wp.eu     
radekzb1979@gmail.com     
amperium.soar@gmail.com     
tomson55@op.pl     
piotrturos.pl@gmail.com     
biuro@amssystem.pl     
amtkarotel@amtkarotel.pl     
biuro@anchor.com.pl     
andtech3@o2.pl     
and_plast@wp.pl     
office@andra.com.pl     
dovlatovandrej@gmail.com     
info@drgsm.pl     
scharfsystem@gmail.com     
zisoig@wp.pl     
ansec@gallaghersms.pl     
andrzej.ruszczak@gmail.com     
smyczax@gmail.com     
altech.malkinia@gmail.com     
kontakt@producentszamba.pl     
poland@anixter.com     
anmarmk@wp.pl     
anmar@anmar.net.pl     
mariusz.gorski@anmaran.pl     
amagonromanow@gmail.com     
anna.szostek@orange.com     
info@anprel.sklep.pl     
antoni.nasilowski@wp.pl     
sklep@antenysat.pl     
elektryk-wawa@wp.pl     
adamc0@vp.pl     
biuro@appeco.pl     
grzegorz.przebieracz@gmail.com     
pawel.adamusinski@gmail.com     
artur05994@wp.pl     
biuro@aptom-svc.pl     
renata.kupniewska@tlen.pl     
aquard@aquard.pl     
biuro@aqua-serwis.pl     
aramis@aramis.waw.pl     
arba.arba@wp.pl     
arcent@onet.eu     
jaktor1@op.pl     
artur_diablo@wp.pl     
duzyn13@tlen.pl     
siemieniecm@gmail.com     
ard.robert_debek@wp.pl     
taurus@taurus-ochrona.pl     
kris.bielin@wp.pl     
cs.poland@arkadin.com     
a.glowacki1984@gmail.com     
biuro@arkadel.waw.pl     
el-sot@wp.pl     
elektryk8@o2.pl     
pawelolecki@o2.pl     
armararek@gmail.com     
biuro@armnet.pl     
arkadiuszoswit@wp.pl     
a.postek@wp.pl     
maildog108@gmail.com     
m.frajberg@genera.pl     
artan.inkaso@gmail.com     
artbe.artursowa@gmail.com     
artbudelektro@gmail.com     
arturwdl@gmail.com     
art_com28@o2.pl     
danielg@art-dan.eu     
lukasz.kwasnica@wp.pl     
a.ciolkowski@wp.pl     
szmulki@o2.pl     
artiit.pl@gmail.com     
arturcendrowicz@tlen.pl     
arturpszonka2@wp.pl     
adam.adaszewski@o2.pl     
bobinski1@wp.pl     
artur.depczynski@gmail.com     
monjel1@wp.pl     
essw.artur@vp.pl     
stefanski.elektryk@gmail.com     
elektroinstal@onet.com.pl     
arwent@o2.pl     
asaelpolska@gmail.com     
asattt@wp.pl     
selwester@gmail.com     
andrzej.sosnowski.asdex@wp.pl     
as.elektro.kontakt@gmail.com     
eko@twarda.pan.pl     
modzelandrzej@vp.pl     
asmin@onet.pl     
betonowe_szamba@o2.pl     
astel@astel.pl     
walendaleszek@gmail.com     
atcs1@wp.pl     
elektropomiary@op.pl     
info@spszamba.pl     
biuro@szambabetonowe-septic.pl     
atonsun@wp.pl     
serwis@atraserwis.pl     
biuro@atram-pl.com     
biuro@atrmedia.pl     
rafalaudio@gmail.com     
augustaenergy@onet.eu     
bok@auranet.pl     
grzegorzsiemion@gmail.com     
kontakt@autelplus.pl     
autochampion@wp.pl     
biuro@kopiczko.pl     
biuro@autogazmazowsze.com.pl     
radoslaw1.woznica@gmail.com     
darek7stepien@wp.pl     
gazbiedrzycki@tlen.pl     
mac28@tlen.pl     
trojan06@wp.pl     
a-g-m@o2.pl     
azmat@o2.pl     
pawel@autoinstalgaz.pl     
techbram@vp.pl     
automatyka3@wp.pl     
wiktor.migniewicz@nexwell.eu     
bastek.k123@wp.pl     
beatamalarska@avaya.com     
marek.nazaruk@avlsystem.pl     
biuro@awave.pl     
info@awe.waw.pl     
biuro@axiomenergy.pl     
axium@axium.pl     
contact@axtelheadsets.com     
miroslawchudek@o2.pl     
az.electro@interia.pl     
miszach@wp.pl     
badurkanet@post.pl     
kontakt@bael.pl     
wojtasmajewski@wp.pl     
krzysztofbankowski@gmail.com     
elektrosan@op.pl     
bardax.wawa@gmail.com     
pawel.baranski@op.pl     
bartlomiej.chrzan3@gmail.com     
norbertciacho666@gmail.com     
b.j.rogozinski@gmail.com     
biuro.adipio@gmail.com     
alltop@alltop.pl     
bartek.karlewski@gmail.com     
bartoszprzybylek03@gmail.com     
info@modern-instal.pl     
Bartosz1737@wp.pl     
bartoszcie@gmial.com     
bask@wp.pl     
bau-budownictwo.jm@wp.pl     
bawach@wp.pl     
l.bak@wp.pl     
piotrchmurabch@wp.pl     
bdb.sc@wp.pl     
beacon@beacon.waw.pl     
biuro.beautiful.house@gmail.com     
hen.bed@wp.pl     
barbarasadownik@op.pl     
beh@beheltec.com.pl     
dbek@wp.pl     
piotr.bellcom@wp.pl     
benedykt.zalewski@op.pl     
ajber@o2.pl     
bestmonters@wp.pl     
kamil.zoladek@wp.pl     
p.senderowski@ebestel.pl     
bestpartner@onet.pl     
pubeta@poczta.onet.pl     
biuro@bezpiecznydom.waw.pl     
p.tomasz.bialas@gmail.com     
kontakt@acmebianco.pl     
biawpol@onet.pl     
mar.b@spoko.pl     
biuro@bila.pl     
kontakt@bimevo.pl     
bp@bipfon.pl     
biuro@bipvtech.pl     
sales@bitrekgps.com     
biuro@roninochrona.pl     
barbara.przybysz@poczta.onet.pl     
elproma@elproma.pl     
elektroem@wp.pl     
abor@abor.internetdsl.pl     
abor.bup@gmail.com     
bjinstal@wp.pl     
biuro@blaks.pl     
blanka.topczewska@op.pl     
elektryk@ci.onet.pl     
kontakt@bbinstalacje.pl     
el.florczak@gmail.com     
info@bluefoton.pl     
btele@wp.pl     
artur_blazejczyk@onet.pl     
allegrotomaszbieluch@gmail.com     
biuro@bmsinstall.pl     
bms@bms-serwis.com     
biuro@b-n.pl     
bnp.energotrade@gmail.com     
bohowicz@wp.pl     
domoteka@bodo.com.pl     
bog-bud@wp.pl     
serwis@celtronics.pl     
selective@op.pl     
b.jakubowski02@gmail.com     
miroslaw.borys@wp.pl     
krvger@gmail.com     
borys@pro.onet.pl     
bwieczorkowska@wp.pl     
piotr.jodlowski@bpgrupa.pl     
partnersbudownictwo@gmail.com     
brad-65@go2.pl     
breelsystems@gmail.com     
info@cncraft.eu     
firma@abbanko.waw.pl     
meak78@op.pl     
zis.brzeski@op.pl     
bartlomiej.sobieraj83@gmail.com     
klient@bsdserwis.com     
kontakt@bsti.pl     
jacek.witkowski@orange.pl     
kontakt@btjot.pl     
biuro@btkit.pl     
bidbuz@onet.pl     
budklima1@gmail.com     
janbudmar@gmail.com     
biuro@budo-com.pl     
pribudopol@neostrada.pl     
krzysiek150870@vp.pl     
magbud123@wp.pl     
budra@o2.pl     
katarzyna@adamiak.co     
bthbuduj@gmail.com     
bukar@firma.pl     
biuro@bsscommunication.com     
kontakt@buyspace.pl     
webcontact@bvgrupa.pl     
warszawa@ccpartners.pl     
j.rokicki@c3net.pl     
callexpertspzoo@wp.pl     
bdobrowolski0@gmail.com     
konradkrzesniak948@gmail.com     
biuro@camsys.pl     
justyna05illa@interia.pl     
elektryk.otwock@interia.pl     
blojar@o2.pl     
biuro@caretelecom.pl     
poczta@cargazmikulski.com     
cyprysmaciej@gmail.com     
borka1955@onet.eu     
seweryn.ciesla@thequestgroup.pl     
info@cbcpoland.pl     
damianchojnowski123@gmail.com     
biuro@cdj.com.pl     
j.zak@ce3.pl     
biuro@cedrom.pl     
cejot.instal@gmail.com     
celtronics@celtronics.pl     
pawelceluch@op.pl     
krzysztofzawistowski18@wp.pl     
darekbe@op.pl     
biuro@centinet.pl     
info@centraltelecom.pl     
centralelectric@go2.pl     
hankepiotr@gmail.com     
centrosanserwis@wp.pl     
cerber01@tlen.pl     
office.cerber@gmail.com     
cezartel@cezartel.pl     
cdubnicki@gmail.com     
czarek.krawczyk@gazeta.pl     
alarmy13@wp.pl     
cezim@cezim.pl     
chaltechcom@gmail.com     
artkowalewski@wp.pl     
chinaton@wp.pl     
kibitlewski@wp.pl     
elektrobudex@interia.eu     
wiesiek.chodkowski@vp.pl     
chyczewski@post.pl     
sper@onet.eu     
biuro@cieplydom.info     
biuro@cignum.pl     
c.i.k@o2.pl     
dsnuszka@o2.pl     
kontakt@kociolnapellet.pl     
norbi.ch@wp.pl     
biuro@climastab.pl     
cludo@cludo.pl     
cmcinstalacje@wp.pl     
cnergy.warszawa@gmail.com     
rc130@wp.pl     
biuro@cobra.net.pl     
konrad.rykowski@gmail.com     
comeonit.epa@gmail.com     
comitek@interia.pl     
comitex@interia.pl     
ze@compas.com.pl     
kachago@poczta.onet.pl     
info@comter.pl     
ludka.connect@gmail.com     
biuro@pl.consafelogistics.com     
biuro@consorciumsts.com     
constans.rk@wp.pl     
hubi230@wp.pl     
kamilnowak168@gmail.com     
coolfrostserwis@gmail.com     
copsecurity@copsecurity.pl     
info@corral.pl     
maciaszekm1916@gmail.com     
biuro@ccit.pl     
fcrimson@op.pl     
info@csa.com.pl     
michal.wojcikowski@gmail.com     
leszek.culek@xl.wp.pl     
cybercyber@o2.pl     
kontakt@netiona.pl     
biuro@cybertechnika.eu     
wizard.bydgoszcz@dystrybutor.net.pl     
castorplock1@poczta.onet.pl     
kontakt@cyfrowypolsat.pl     
wyszkow@dystrybutor.net.pl     
minimarket.zuromin@dystrybutor.net.pl     
grodzisk@dystrybutor.net.pl     
zwolen@dystrybutor.net.pl     
losice@dystrybutor.net.pl     
grojec@dystrybutor.net.pl     
przasnysz@dystrybutor.net.pl     
galeria.wisla@dystrybutor.net.pl     
plock@dystrybutor.net.pl     
targowek@dystrybutor.net.pl     
otwock@dystrybutor.net.pl     
czarna.zarowka123@gmai.com     
czaslpg@gmail.com     
kontakt@telefony4w.pl     
czystapanda@gmail.com     
konradkusajda@onet.pl     
daaf@daaf.com.pl     
dach-rob@wp.pl     
biuro@dag.pl     
dik13@vp.pl     
marekdalba@gazeta.pl     
volttec@op.pl     
dami94@onet.pl     
damianziolkowski1@wp.pl     
biuro@instalator-pv.pl     
slu86@wp.pl     
pldanex@gmail.com     
daniel.chojecki@gmail.com     
daniel.dydymski@wp.pl     
tokari1@wp.pl     
danielgajewski7@gmail.com     
danka@wieczorek.com.pl     
mkdankow@gmail.com     
daniel.grzegorczyk@onet.eu     
dan-pro-automatic@wp.pl     
bogdanroslaniec@wp.pl     
danek16@wp.pl     
danielczerwonka@o2.pl     
dantherm@op.pl     
dareklabuzinski@wp.pl     
darcar@darcar.pl     
dardan78@wp.pl     
dareks_czajka@o2.pl     
darekgorski1@wp.pl     
darrrian@wp.pl     
darek.c7@wp.pl     
darek_tlen@interia.pl     
d.cisak@tvsiedlce.pl     
d_domanski@wp.pl     
dudi222@op.pl     
darmex8@wp.pl     
teldar1@wp.pl     
darek.koval@wp.pl     
dariuszkrawczykowski@op.pl     
darek@bim.waw.pl     
darekmarkowski@poczta.onet.pl     
dariusz.michalski.1979@gmail.com     
nadajdariusz@op.pl     
olekolar@wp.pl     
dariusz.piwek@gmail.com     
dariusz.siwiec@md-group.com.pl     
dariuszstefaniak@wp.pl     
dariuszszczubelek@wp.pl     
darel71@op.pl     
dowczarek17@gmail.com     
dobry@elektryk-waw.pl     
info@dataoptics.com.pl     
info@datamobi.pl     
wojciech@datatel.net.pl     
dawidkrol@o2.pl     
dawid.stanczak@op.pl     
daw-mar.dzikon@wp.pl     
pzdabek@gmail.com     
katarzyna.otto@playoffice.pl     
db-systems@wp.pl     
warsztat.dcauto@gmail.com     
info@dcenter.pl     
deelektro@interia.pl     
biuro@debesis.pl     
miramax777@o2.pl     
edward.muszynski@infakt.pl     
eldel@wp.pl     
patrycja.bielicka@gmail.com     
deltavideo@onet.pl     
deltacom@go2.pl     
dentaltronik@wp.pl     
bok@dg-net.pl     
marcin@diadema.pl     
dial@dial.radom.pl     
info@didxl.com     
info@digitalvirgo.pl     
info@diomar.com.pl     
jawor69@poczta.fm     
dkelektro@wp.pl     
info@dkserwis.com.pl     
darekles@o2.pl     
michal@vp.pl     
dmstore@o2.pl     
daniel.ogorzaly@vp.pl     
modzelewskidominik@gmail.com     
DMKOSKO@OUTLOOK.COM     
adrian.szewczyk@dobrava.com.pl     
domansp@o2.pl     
dariusz.domanski@wp.pl     
pjdomeconsulting@gmail.com     
f.h.u.domek@wp.pl     
dominik-bek@wp.pl     
domhydro@wp.pl     
dominel.wg@gmail.com     
dominikkapik@gmail.com     
nobisend@gmail.com     
dsawick242@onet.pl     
dominik.szmyt@gmail.com     
dom-service@wp.pl     
domtel@tlen.pl     
marek_wyrzykowski@wp.pl     
doran01@o2.pl     
drmobile@o2.pl     
draber@draber.pl     
warszawa@draftel.pl     
dawid.reiss@gmail.com     
dawidrysiekthc@gmail.com     
zarzad@dremlink.pl     
drekslerr@wp.pl     
dritenergie@gmail.com     
wojciech.gleba@gmail.com     
dansadlo@gmail.com     
biuro@dylewski.dkonto.pl     
dtinstalacje@gmail.com     
dualtech@dualtech.pl     
iedd@wp.pl     
ppp75@op.pl     
vikingphu@interia.pl     
emdus@o2.pl     
sylwekduralski@wp.pl     
dvspolska.pl@o2.pl     
dwbsystem@o2.pl     
dwor@pro.onet.pl     
dawid.woj91@gmail.com     
zpuhdzik@wp.pl     
biuro@dztservice.pl     
kontakt@fabianowicz.pl     
etech.sokolski@gmail.com     
grzegorz.wolf@wp.pl     
info@eagerflow.pl     
easyset@poczta.fm     
eccoms@eccoms.pl     
poczta@eco-tech.com.pl     
ecoele@yahoo.com     
masalkowski1@o2.pl     
akozanivska@gmail.com     
ecotherm@supermedia.pl     
ecovent@wp.pl     
kacperp@tkdami.net     
js@edcom.com.pl     
edbudsochaczew@wp.pl     
Biuro@eds-ltd.pl     
targiel@gmail.com     
eez@eez.pl     
grzegorz.rurka@gr.pol.pl     
biuro@egenergy.pl     
biuro@egreeno.pl     
pb.elektroinstalacje@interia.pl     
ekoelektroterm@gmail.com     
biuro@ekopartner.info.pl     
biuro@romicki-ekosystem.pl     
ekocieplogronek@wp.pl     
adam.rukat@wp.pl     
biuro@ekoelektroinstal.pl     
pyton.k@wp.pl     
biuro@eko-izolacje.pl     
eko.serwis@wp.pl     
ektrim@vp.pl     
elektroinstalacjeosinski@gmail.com     
elstar1@wp.pl     
wierzcholowskibartlomiej@gmail.com     
marcin.w.83@o2.pl     
piotr-wlodarczyk2@wp.pl     
biuro@gryzeldatravel.pl     
biuro@elenginnering.pl     
eljanmur@wp.pl     
ccris0897@gmail.com     
elmak1@wp.pl     
elninjo1@op.pl     
krzysiek97619@wp.pl     
tomasiukpawel@o2.pl     
kubinska@wp.pl     
elam@ant.pl     
elart@elart.com.pl     
bartoszcwiek@wp.pl     
asztorc@tlen.pl     
lukasz.bednarczuk@gmail.com     
piotr.wasiewicz@el-bo.com.pl     
el-bo@wp.pl     
elbor@gazeta.pl     
elbor@alpha.pl     
el-boss@wp.pl     
artur_galazka@o2.pl     
danos3@poczta.onet.pl     
annamiros@onet.pl     
biuro@elbudinstal.pl     
elcad-pomiar@wp.pl     
elchor@onet.pl     
saren1@wp.pl     
elcompsienio@gmail.com     
kontakt@el-conect.pl     
grzegorz_owsiany@wp.pl     
eldam@eldam.eu     
eldark@wa.onet.pl     
krzysztofdebek320@gmail.com     
biuro@el-dom.waw.pl     
eldor@home.pl     
a.dudzi@op.pl     
andrzej.deput@vp.pl     
zebrox@wp.pl     
piotr.bala23@gmail.com     
wieczorek.marcin@op.pl     
jacob.davies.one@gmail.com     
przemyslaw.kwasnik@electro-corp.pl     
mariuszroslon13@o2.pl     
electro-nel@op.pl     
electro.network.spzoo@gmail.com     
SERVICES@ELECTRO-POWER.PL     
chriss@interia.pl     
jaroslaw.minda@o2.pl     
elefekt.instalacje@gmail.com     
tomekzacisze@gmail.com     
smosarskae@gmail.com     
rafal.wydra@o2.pl     
info@elektra.pl     
salon@elektra.pl     
robert750-1981@o2.pl     
elektriker.instal@gmail.com     
elektris@wp.pl     
elektriva@onet.pl     
krystian.niedziolka@1gb.pl     
elektro-instal.sc@wp.pl     
kontakt@elektroart.com     
eaz@eaz.com.pl     
elektroinnowacje@gmail.com     
pawel.dabrowski.el@wp.pl     
kacperch1996@gmail.com     
zaczyk86@wp.pl     
zaba67@poczta.onet.eu     
elektrokampo@gmail.com     
zabsoncbr1981@interia.pl     
kor.slav@tlen.pl     
sebastian.gorski1@gmail.com     
annarogowska1105@wp.pl     
bedyk@onet.eu     
andrzej_stefaniak@op.pl     
biuro@elektro-bud.net.pl     
elektrobudjm@wp.pl     
tomasz.jakielski@onet.eu     
f-elektrobud@wp.pl     
elektrobudmax@gmail.com     
elektrobudrem@gmail.com     
wojtek@elektrobud-serwis.pl     
wojciechzarzycki2304@o2.pl     
serwis.elektroclim@gmail.com     
izabela.tworzydlo@wp.pl     
grzegorzcwiek82@gmail.com     
kubazdunczyk@gmail.com     
kontakt@elektroflash.pl     
wierzba@o2.pl     
g.kaczynski@wp.pl     
artur.zagorski1@wp.pl     
gonzik123@vp.pl     
stanislaw.kanigowski@elektro-inst.pl     
grzegorz.balcerak@op.pl     
andrzej.mokrzanowski33@wp.pl     
daniel.elektroinstal@gmail.com     
m.tratkiewicz@wp.pl     
elektroinstal26@gmail.com     
wrzesinski84@interia.pl     
robertnivette@interia.pl     
zzurawski@wp.pl     
wojtekelektryk@tlen.pl     
aaciesluk@gmail.com     
molski.marcin@gmail.com     
cegielkamarek@gmail.com     
le.solecki@gmail.com     
stanislaw.tomaszek@op.pl     
sylwesterf72@gmail.com     
instalacje-alarm@wp.pl     
elektroinstalacje.zaborski@poczta.onet.pl     
czerepski@poczta.onet.pl     
grzegorzrakoczy1@gmail.com     
ania1143@o2.pl     
mtest.instalacje@gmail.com     
elekro-kan@o2.pl     
krzysztof_kierzkowski@wp.pl     
krzysztofwa1@o2.pl     
elektrokomplex@interia.pl     
szymonpoteraj@op.pl     
elektro-luk@wp.pl     
przeworski@elektroluz.pl     
elektrom@poczta.onet.pl     
roman_dmoch@wp.pl     
mareklipiec35@gmail.com     
marek.piekarczyk@poczta.fm     
elektromat91@gmail.com     
elektro.mat1985@gmail.com     
krzysiekbolczak1@wp.pl     
wulkan@wulkan.and.pl     
joasia650@wp.pl     
mariusz1241@wp.pl     
elektrometserwis@wp.pl     
elektromex.pl@wp.pl     
elektromix.poczta@interia.pl     
uslugielektryczne@spoko.pl     
serwiselektro@onet.eu     
elektron.inwestycje@gmail.com     
elektron.grzyb@wp.pl     
patryk.siporski@gmail.com     
t.sitek@gmail.com     
witek9016@interia.pl     
marekwojcicki@pro.onet.pl     
alarmdarek@gmail.com     
biuro@elektronix.pl     
biuro.elektropartner@gmail.com     
pilar_3@interia.pl     
info@elektro-plast.com.pl     
biuro@elektropol.pl     
elektropol55@gmail.com     
elektrorad@wp.pl     
elektros_plock@wp.pl     
otwin9@wp.pl     
elektrosap@prokonto.pl     
el-ser@wp.pl     
toffinoster@gmail.com     
elektrosigma.zm@gmail.com     
office@elektrosolid.pl     
artur_strzyzewski@o2.pl     
elektro-sys@wp.pl     
ardanzalewski@gmail.com     
elektrotech-kj@wp.pl     
majmarcin666@gmail.com     
p.naumiuk@gmail.com     
rkurek02@gmail.com     
daniel.cierzuch@gmail.com     
zpu.elektrotechnika@poczta.onet.pl     
aja2606@wp.pl     
pawel.elektryk24@wp.pl     
elektro-went@o2.pl     
elektrowolt@onet.eu     
elektrycy.pl@o2.pl     
elektryfikator-wronski@wp.pl     
elektryktp@gmail.com     
gaw30@o2.pl     
zbyszekbelka1@o2.pl     
krzysiek.musial@poczta.fm     
elektrykaplus@o2.pl     
radmus1@wp.pl     
ilsaw@wp.pl     
emilborkowski3@gmail.com     
zptw@elemisdelta.pl     
elempol.boczkowski@wp.pl     
elen.projekt@op.pl     
chelmonski@o2.pl     
kontakt@elepstryk.pl     
eler@eler.com.pl     
elert1@wp.pl     
eles-bud@wp.pl     
biuro@elfalcon.pl     
zegan.firma@gmail.com     
elgazostroleka@gmail.com     
gniadom0@poczta.onet.pl     
grzechu931210@gmail.com     
grzegorz_0507@wp.pl     
el-grod@wp.pl     
elgrombis@poczta.onet.pl     
edward.grosman@gmail.com     
biuro@elhatra.pl     
jarmoszko.michal@gmail.com     
mariusz.machnowski@o2.pl     
ziomek@elinbud.com.pl     
krzysiek1990567@wp.pl     
m.roman88@wp.pl     
el-instal.or@o2.pl     
l.glowacki@op.pl     
wlodekgren@gmail.com     
eljar.eljar@poczta.neostrada.pl     
eljot.spolka@gmail.com     
elkmar@elkmar.pl     
biuro@elkaf.pl     
elkam@poczta.onet.eu     
elektryk48@op.pl     
biuro@elkatelektro.pl     
elkg.kamilgabinski@gmail.com     
el-kk@o2.pl     
el-klim@wp.pl     
elko@elko.radom.pl     
ekodym123@gmail.com     
marcin@elkomech.pl     
michalwiecek@wp.pl     
aselkon@wp.pl     
legon@poczta.onet.pl     
k_kmroczek@o2.pl     
krzysieks7786@gmail.com     
el-lan@wp.pl     
biuro@ellar.pl     
ellsaid@ellsaid.pl     
el-luk.biuro@wpl.pl     
kontakt@elmaco.pl     
magdamarynowska@icould.com     
lukaszm40@gmail.com     
elmakselektro@gmail.com     
ireneusz.mantorski@gmail.com     
marek.p0@wp.pl     
marekmadex16@wp.pl     
mgelmar@gmail.com     
mkrakowiak2@wp.pl     
elmar.slawek@interia.pl     
elmar12@vp.pl     
mariusz.abramczyk93@gmail.com     
elmar.bodo@op.pl     
elmar.jz@tlen.pl     
warszawa@elmat.pl     
sbeli@wp.pl     
elmax.tech@vp.pl     
elmaz@onet.pl     
elmikosc@wp.pl     
elmmar.olejnik@gmail.com     
janusz_oleksiuk@elmo.com.pl     
archi2008@wp.pl     
bartosz.wiel94@gmail.com     
montonik@o2.pl     
elmor71@o2.pl     
slawomirmorawski@op.pl     
marcinmioduszewski@o2.pl     
wnitczynski@wp.pl     
grzegorz.wilski@elnav.pl     
czarnecki.rafal@wp.pl     
Sabek86@wp.pl     
kt@elnar.com.pl     
pl.patryk.kozlowski@gmail.com     
elniz@wp.pl     
michal.u@onet.pl     
elpi.in@wp.pl     
lim@elpol.pl     
elektryka.osieck@op.pl     
ewa_chmielak@wp.pl     
ewa.piotrowska@elprim.waw.pl     
elprim@elprim.pl     
elprim@op.pl     
elpro.biuro@op.pl     
elpro.bielany@gmail.com     
marcinhrycajewski@wp.pl     
r.kaczmarek@elproject.com.pl     
pkosewski.biuro@wp.pl     
elpromax@interia.pl     
p_krajewski@wp.pl     
zue.elprzem@wp.pl     
krolik16@vp.pl     
krzeminskirafal@wp.pl     
anrembelski@o2.pl     
piter7584@gmail.com     
sklep@lonexsklep.pl     
elrum-sledziewski@wp.pl     
mik2709@gmail.com     
kamery@elsat.com.pl     
elsit@elsit.com.pl     
sternik.krzysztof@o2.pl     
jafatek@wp.pl     
koronowiczk@gmail.com     
sekretariat@etlast.pl     
lukaszkolbus@gmail.com     
kontakt@el-tech24.waw.pl     
eltechhp@gmail.com     
pzielinski184@wp.pl     
raf.pie1991@gmail.com     
zbigniew_pluta@wp.pl     
eltermserwis@wp.pl     
biuro@eltis.net     
eltom@eltom.waw.pl     
eltomwt@pro.onet.pl     
eltom@poczta.onet.pl     
tmiklas@tlen.pl     
zie_eltom@o2.pl     
eltomel@op.pl     
eltoro@poczta.onet.eu     
borys@eee.com.pl     
jacek.radzikowski@op.pl     
s.pietruczuk@op.pl     
eltreko@eltreko.pl     
eltrix@onet.pl     
marcinskrzynski@onet.pl     
zbyszekkaps@interia.pl     
biuro.eltrotech@gmail.com     
warszawa3@eltrox.pl     
warszawa2@eltrox.pl     
warszawa@eltrox.pl     
radom@eltrox.pl     
lukaszmrozek2306@o2.pl     
elvin.wgw@gmail.com     
m.gilczynski@chello.pl     
elvot@tlen.pl     
el-wap11@wp.pl     
lukasz_rowicki@o2.pl     
j.elwat@wp.pl     
jklewek@op.pl     
krzysztof_przybysz1@o2.pl     
elwing.marek@gmail.com     
office@emc2-telecom.pl     
ledzioszek1955@wp.pl     
biuro@emero.pl     
marcin.rusnarczyk@onet.com.pl     
t.simborowski@gmail.com     
doliszny@gmail.com     
emil.fiedorczuk@o2.pl     
biuro@emitrade.com.pl     
biuro@emjot.net.pl     
biuro@eml-tech.pl     
biuro.emp@gmail.com     
enbud@enbud.biz     
biuro@eneeko.pl     
wojbat@gazeta.pl     
enel@o2.pl     
wojtek@enerdom.pl     
rop80@wp.pl     
biuro@energiadlaprzyszlosci.pl     
male_ra@o2.pl     
p.e.kosek@gmail.com     
energiars@wp.pl     
energoterm@interia.pl     
energotest@energotest.pl     
energoalarm@op.pl     
energoban@op.pl     
robertjachymski@wp.pl     
energobudowa@post.pl     
biuro@energocom.pl     
kozinski.instalacje@gmail.com     
xcvlukasz@onet.pl     
elektrotechnika.waw@wp.pl     
ezwa@post.pl     
energonet@o2.pl     
poczta@energop.com.pl     
wieslaw.jedrzejewski@interia.eu     
jacekc123456@wp.pl     
biuro@energowac.pl     
egp@egp.pl     
mesicz@wp.pl     
energysystem_jablonska@wp.pl     
marcin.pajak@enersee.com     
enertest@op.pl     
biuro@enesis.pl     
slawomir.majcher@enetcom.pl     
office@enprom.pl     
info@enreco.pl     
polaniec@enrem.com.pl     
krzysztof.bruczynski@wp.pl     
enterprise.commerciale@gmail.com     
kskowalski@wp.pl     
kontakt@epenergia.pl     
biuro@epenergia.pl     
e.p.klima@wp.pl     
pawel.majdanski@wp.pl     
biuro.eps.wrk@gmail.com     
biuro@erapv.com     
er-be@o2.pl     
wojbiel@wp.pl     
sklep@mieszkaj-nowoczesnie.pl     
kontakt@ereselectro.pl     
knrd93@gmail.com     
sklep@ertex.com.pl     
biuro@erydan.pl     
escsystem@escsystem.pl     
pbajerski@onet.eu     
andrzejw@esinstal.pl     
michal.osial@o2.pl     
grzegorz_koscinski@o2.pl     
siergiejostrowski@wp.pl     
estenergy@estenergy.pl     
estor@op.pl     
artur@etern.pl     
etoptima@gmail.com     
marek@auto-alarmy.waw.pl     
rmolga@euro-instal.com     
euroinstaltech@gmail.com     
euromar.mariusz@vp.pl     
jkozlow_xl@wp.pl     
biuro@eutelsat.fr     
d.zawadzki@evacom.neostrada.pl     
skorupski_michal@o2.pl     
anglik50@poczta.onet.pl     
rtv_mas@post.pl     
biuro@el-service.pl     
tit.robert@op.pl     
hydrodarek@tlen.pl     
ewmarfsbiuro@gmail.com     
biuro@excelter.pl     
excom@excom.pl     
exel2@op.pl     
biuro@exima.pl     
witek.bienkowski@gmail.com     
zbigniewstrojek@wp.pl     
fabianowicz@hot.pl     
fab-tech@firma.pl     
biuro@fabudsystem.pl     
pdejmas@gmail.com     
fapelectric@o2.pl     
dorotawiecaszek@wp.pl     
w_lapinska@o2.pl     
sebanet@wp.eu     
fazer.pjedryszek@gmail.com     
monika500470@gmail.com     
biuro@festechnologia.pl     
info@versusgas.com     
gmur28@interia.eu     
biuro@armax.waw.pl     
glodowski.bogdan@gmail.com     
fhubudluk@gmail.com     
mildar@wp.pl     
elektryksankowski@gmail.com     
irektkacz28@wp.pl     
fhukijas@gmail.com     
fagri@poczta.fm     
izabelas1711@icloud.com     
linskidaniel@gmail.com     
markus.serwis@gmail.com     
pawel.dametko@gmail.com     
hydrokompleks@wp.pl     
seboboss@gmail.com     
krzysztof.tujak@vp.pl     
wo-kan@wp.pl     
wojciech.zabora@o2.pl     
info@ksiegowabielany.pl     
fiberxmh@gmail.com     
fiberbud.pl@gmail.com     
krynicki14@op.pl     
fmat1@interia.pl     
system@fire-plan.com     
j.baks@o2.pl     
slawomirkuca@interia.pl     
irek.brunowski@netotech.pl     
lidar-alarmy@o2.pl     
tom_gaz@wp.pl     
w_kacprzak@o2.pl     
miroslawjankowski@wp.pl     
sebastian.jednoralek@gmail.com     
marcin.szulim@o2.pl     
m.kustra@op.pl     
anel2002@o2.pl     
fuhsanel@gmail.com     
michal.farbis@wp.pl     
info@fittich.pl     
psiwecki696@gmail.com     
fix4u.warszawa@gmail.com     
sklep@flameko.pl     
rdasiewicz@gmail.com     
rafal@flexisystem.pl     
flinstalacje@wp.pl     
piotr.lozia@gmail.com     
fonon@fonon.com.pl     
formawa@poczta.onet.pl     
forsec@wp.pl     
bancom@bancom.pl     
p.janicki@forti-net.pl     
foshion@interia.pl     
wojtek.matenka@wp.pl     
zfrackiewicz@op.pl     
freshwater.biuro@gmail.com     
freyco@op.pl     
biuro@frigusinstalacje.pl     
filip.skup@vp.pl     
ft-energia@wp.pl     
biuro@ftthproject.pl     
kacprzak1.krzysztof@wp.pl     
pawel_postek@tlen.pl     
artur_cz@wp.pl     
radekn@g4-net.com     
technika_grzewcza@op.pl     
redistedi@interia.pl     
gal.instalacje@gmail.com     
kgalazka0@poczta.onet.pl     
biuro@gama-instal.pl     
gasart@o2.pl     
gasfar@vp.pl     
kontakt@gaspol.pl     
dezir.invest12345@gmail.com     
sp.gaswo@gmail.com     
gawrex@gawrex.pl     
maciek.kokosza@wp.pl     
krzysiekgazda@vp.pl     
gazkor@gmail.com     
mariusz.ros@wp.pl     
sekretariat@gazrem.pl     
gazserwis1@op.pl     
kasper@poczta.onet.pl     
gean.biuro@o2.pl     
info@geb-polska.pl     
eugeniusz.kot@wp.pl     
gelo@gelo.pl     
grzemusz@poczta.fm     
info@geonet.com.pl     
wikon001@onet.pl     
dariusz.przedlacki@neostrada.pl     
biuro@pphugg.com.pl     
biuro@giersnet.pl     
pix_105@wp.pl     
maciej.chodnicki@giga-hard.com.pl     
czaja.p@wp.pl     
gik@gik.net.pl     
krzysztofbiedrzycki@wp.pl     
biuro@op.pl     
globex@globex.pl     
globos.darek@interia.pl     
marcin.paris@gmail.com     
emgii777@gmail.com     
ledi@o2.pl     
g.wojcik@gm-serwis.pl     
gm-system@wp.pl     
instalacje.gml@gmail.com     
gmtelecommaliszewski@gmail.com     
glowackiarkadiusz@gmail.com     
biuro@teneto.com.pl     
godles.robert@gmail.com     
martiigos@gmail.com     
biuro@gorke.com.pl     
biuro@gosolarenergia.pl     
gotechsc@gotechsc.pl     
zaklad_uslug_elektrycznych@wp.pl     
bptelecom@bptelecom.pl     
pawlowski.g@wp.pl     
granis@grantech.eu     
biuro.granton@gmail.com     
info@greenfoton.pl     
klimatyzacja@greens.com.pl     
gresta@wp.pl     
piotr.janczyk@gridnet.pl     
biuro@gridnet.pl     
biuro@groen.pl     
ziegromek@wp.pl     
info@gromotech.eu     
igor_grotek1@o2.pl     
grupa.apm@op.pl     
tomasz.spych@gmail.com     
darekbaranowski@interia.pl     
energia.marek1@gmail.com     
legion15@wp.pl     
biuro@multiserwis.biz.pl     
slawekblaszczyk@poczta.onet.pl     
kontakt@szamba.pro     
bubil1@op.pl     
mgk.chmiel@wp.pl     
mucha.g@o2.pl     
trapez.remonty@vp.pl     
gpietron@dekk.pl     
gpbud.firma@gmail.com     
grzegorz.sulkowski@gobos.pl     
pajaczek@onet.pl     
grzegorzwit15@gmail.com     
czeslaw_grzyb@wp.pl     
pamado@wp.pl     
info@grzybex.waw.pl     
centrum@poczta.fm     
biuro@spot-lomianki.pl     
wwabramowicz@gmail.com     
grzegorz1205@onet.eu     
gtklima@vp.pl     
tganushchak@gmail.com     
biuro@gtinstalacje.pl     
tboruc@gtbproject.pl     
grzesiek_wnuk@op.pl     
biuro@gtm-systems.pl     
gtmprojekt@gmail.com     
gzowski@gmail.com     
info@guardian.net.pl     
info@guardone.pl     
gumtech2010@gmail.com     
radoslaw_olek@o2.pl     
pawel@gvt.pl     
haco@haco.waw.pl     
office@haldon.pl     
p.wrc@wp.pl     
biuro@hamertech.pl     
marcinf@post.pl     
office@hawe-budownictwo.pl     
hazel.biuro@wp.pl     
info@hb-kotly.pl     
krzysiek@helbing.pl     
helmar@helmar.waw.pl     
danielogrodniczuk@gmail.com     
helpit@helpit.com.pl     
biuro@hemers.pl     
biuro@e-suchecki.pl     
mikeherman@wp.pl     
biuro@hetan.pl     
highlight.biuro@gmail.com     
bozena.pawlowska@onet.pl     
danieldabrowski1984@gmail.com     
hollywoodlight@wp.pl     
adamszmit1@wp.pl     
info@homesystems.pl     
hopeplus@vp.pl     
hormex@wp.pl     
bok@haloip.pl     
elecktris@gmail.com     
biuro@hpcsystem.pl     
hpawelczyk@o2.pl     
kontakt@hsgsun.com.pl     
poland@huawei.com     
hubertdebczak@o2.pl     
drewicz.hubert@wp.pl     
nowak294@gmail.com     
hubert.serafin.inel@gmail.com     
hubix@hubix.pl     
biuro@humantech.com.pl     
elektro-lux@wp.pl     
hydrainstalacje@onet.eu     
poczta@hydro-bud.net     
hydro-clim@wp.pl     
elektryk.michaladamski@gmail.com     
hydro-gazs.c@wp.pl     
hydrokomfort@op.pl     
hydromaxwm@op.pl     
pawel.rosloniec@wp.pl     
hydrotex@hydrotex.pl     
ewa.kruk@biurokruk.home.pl     
jar_pru@o2.pl     
elektryczne-przeglady@o2.pl     
jaro-kac@tlen.pl     
poland@iceye.com     
ict@op.pl     
sales@ide.com.pl     
s.zientak@wp.pl     
rd@igitech.com.pl     
igor.kaminski@igrotech.eu     
igor20482mail.com@gmail.com     
biuro@ihjcomplex.pl     
wimasterslux@gmail.com     
pstrelczuk@gmail.com     
mazurek.jacek@gmail.com     
info@imes.com.pl     
biuro@imitel.pl     
impuls_waw@wp.pl     
impulse.technologies.sp@gmail.com     
pacynka1980@op.pl     
induplosc@onet.pl     
r.kluczek@industechmm.pl     
multi_max@wp.pl     
biuro@infogrupa.pl     
infobridge@infobridge.pl     
office@infolaris.com     
biuro@infomonit.pl     
robert-karlowicz@wp.pl     
biuro.wawa@infotvfm.pl     
info@infradata.pl     
ingrado@ingrado.pl     
recepcja@ingrammicro.com     
d.choros@wp.pl     
biuro@traktonet.pl     
biuro@innowator24.com     
maciek@inos.waw.pl     
biuro@inovativ.pl     
awaria@serwispompowni.com     
inskab@poczta.onet.pl     
biuro@ins4u.pl     
insaltechak@gmail.com     
insbed2@o2.pl     
insbud_zyr@wp.pl     
insel.stefanczyk@gmail.com     
lukasz_piecychna@wp.pl     
luka.slon@o2.pl     
wlowas@o2.pl     
alarmy@insjar.pl     
jarekraczynski@o2.pl     
jaroslaw@jginstel.pl     
kamil.gebka7@wp.pl     
instal.chancarkadiusz@gmail.com     
idp@op.pl     
dominikpachnik89@wp.pl     
instaled@wp.pl     
instal-gaz@o2.pl     
romankakol@o2.pl     
sosnowski.instalgaz@gmail.com     
tomasz.zbyszynski@poczta.onet.pl     
m.baczek@instal-elektryk.com.pl     
zakrzewski-p@op.pl     
gajewskihubert@o2.pl     
jacekpiotrowicz@vp.pl     
instalserwislpg@wp.pl     
t.rogala@wp.pl     
pawel14953@wp.pl     
piotr.pkow@gmail.com     
el.gk@interia.pl     
romannasilowski@wp.pl     
eltom2008@wp.pl     
instalacja@instalacja.pl     
poranki@wp.pl     
instalacjeartbistro@gmail.com     
pawel.chrzanowski@trias.pl     
biuro@maxbudsc.pl     
monika.haraj@vp.pl     
instaltronic@interia.pl     
stanel33@wp.pl     
elektron-a.bluszko@wp.pl     
damian.lj.wasilewski@gmail.com     
hubert.kurnicki4@wp.pl     
adamspaltabaka@wp.pl     
adam.lobaza@wp.pl     
kuba8dudek@gmail.com     
stankiewiczj2000@gmail.com     
kaczmarczyktomasz82@wp.pl     
zeman-k@o2.pl     
info@olkena.com     
panekandrzej@wp.pl     
janiszp@gmail.com     
uslugiustefana@gmail.com     
romansk@wp.pl     
janusz.rostkowski@op.pl     
styki72@wp.pl     
s.zalesinski@o2.pl     
tjakubik33@wp.pl     
e-zeus@epf.pl     
mateuszstepien78@gmail.com     
biuro@trelka.com.pl     
andrzej_czaja@op.pl     
kamilniezgoda84@wp.pl     
przemyslaw.filiks@gmail.com     
szewczyk@instalacje.sklep.pl     
biuro@karokarlicki.pl     
agnieszkaszydlowska82@gmail.com     
biuro@biostech.pl     
mag-bud@go2.pl     
slawek.serafin@gmail.com     
marcin.brona@o2.pl     
majsterek.firma@gmail.com     
marcin.banasiak11@wp.pl     
marcin.kielczewski@gmail.com     
p.badowski@interia.pl     
ryszard.lalak@wp.pl     
w.e.grymula@interia.pl     
michal.kakol@o2.pl     
slawomir.zaslonka@wp.pl     
instalacje_serwis@o2.pl     
kuras177@wp.pl     
daniel.strupinski@wp.pl     
gpatynowski@op.pl     
kozlowelektryk@poczta.onet.pl     
iswwojdyga@gmail.com     
krzysztofzarnoch@gmail.com     
maciej22_1989@o2.pl     
instalkamyk5@wp.pl     
adamiak.dariusz@op.pl     
instalator.plock@o2.pl     
biuro@instalator-service.pl     
czarnecki.w@wp.pl     
marcin-rad@wp.pl     
masz.zempi@wp.pl     
adam0026x@gmail.com     
elektryk30@wp.pl     
bialek12@wp.pl     
bmodli@op.pl     
dariusz.makowski@poczta.fm     
piotrlewicki.emis@gmail.com     
darekelektryk@onet.pl     
chrusti@wp.pl     
lukahehe@gmail.com     
jacek.bednarczyk@op.pl     
marcin.kielek@wp.pl     
biuro@michalski.home.pl     
jerzy.cholewa@op.pl     
adam_jozwiak@op.pl     
kazik.g@autograf.pl     
inst.elektryczne@vp.pl     
dembu89@wp.pl     
inel.biuro@gmail.com     
m.wierzejska@icloud.com     
mateusz.florczak4@gmail.com     
mirekcza@o2.pl     
pakulskijan@op.pl     
pbielinski21@wp.pl     
gabrysiak1@o2.pl     
