animus.acdc@gmail.com     
hydromiedz@tcz.pl     
szustak.wiktor@gmail.com     
biuro@ekoskol.pl     
g.kerlin@wp.pl     
biuro@gradus.com.pl     
investklima@investklima.pl     
tapi@tapi.pl     
biuro.hydrosanit@wp.pl     
biurolelan@o2.pl     
instal.slupsk@gmail.com     
elektrotomi89@wp.pl     
biuro@instaldom.pro     
biuro@savis.pl     
biuro@boniterm.com.pl     
michal.mrozek@hotmail.com     
wieslaw.kuczkowski@wp.pl     
wambroziak@poczta.onet.pl     
btsplus@btsplus.pl     
krzysztofwierzba73@wp.pl     
mariusz@damossecurity.pl     
jar-install@wp.pl     
biuro@sit-polska.pl     
biuro.rebelion@gmail.com     
energo-install@wp.pl     
wieslaw.budzich@wp.pl     
biuro@electratech.pl     
biuro.sanigaz@gmail.com     
bartbajinstalacje@gmail.com     
liszewski.mv@o2.pl     
jstefanowski@wp.pl     
m.lupina@gsc.net.pl     
biuro@thermak.pl     
piotr@elpir.eu     
bdmochowski1@gmail.com     
eltom-slupsk@wp.pl     
systemko@systemko.pl     
chojnice.elektra@gmail.com     
cotlat@cotlat.pl     
pozorski@wp.pl     
climaher@op.pl     
sekretariat@waltel.pl     
inko1@home.pl     
elektroronkowski@wp.pl     
alfasystem@poczta.fm     
skfara@wp.pl     
techtronik@wp.pl     
marek.bujak@wp.pl     
gesmont1@wp.pl     
biuro@ze.lebork.pl     
komkowski.elektro@gmail.com     
damel33@wp.pl     
danny0707@wp.pl     
biuro@multiverso.pl     
eldar2001@gmail.com     
brygadarr.pomorze@gmail.com     
grzegorzbieszke@wp.pl     
smartelektro83@gmail.com     
wieslaw.klimatyzacje.pompy@gmail.com     
d.brygier@gmail.com     
madman14@interia.pl     
pszweda2016@gmail.com     
mstrzelkowski@gmail.com     
cieslinski.monter@gmail.com     
energo@list.pl     
biuro@martel.slupsk.pl     
andrzej-baran@wp.pl     
elektrix.nord@gmail.com     
biuro@termika.gpe.pl     
gazownictwo@wp.pl     
janrossa57@wp.pl     
sep-bud@wp.pl     
stelektronik@data.pl     
nowacki.stg@wp.pl     
autogazkts@gmail.com     
hydroperfekt@gmail.com     
biuro@autogaztechnik.pl     
biuro@elektroenerg.pl     
biuro@insaco.pl     
roma.eps@wp.pl     
biuro@pskas.pl     
info@alarmtech.pl     
kraz@post.pl     
biuro@staltest.pl     
el-kop@wp.pl     
office@compte-fortech.pl     
biuro@jdhydro.pl     
j.lesinski@draco.com.pl     
biuro@asist-automatyka.pl     
biuro@mbserwis.com.pl     
biuro@honest.com.pl     
tomaszko.1973@o2.pl     
biuro.grupamk@gmail.com     
robsonekstep@wp.pl     
tigrpl20@gmail.com     
stbielawa@gmail.com     
seba.trubiej@gmail.com     
biuro@centrumaqua.pl     
p.c.instal@wp.pl     
biuro@hydroeko.com.pl     
sedom.sd@wp.pl     
biuro@sollab.pl     
biuro@blprojekt.pl     
dominik.lenio97@gmail.com     
biuro@technet-media.pl     
textel@textel.com.pl     
projekty@bp-posesja.pl     
biuro@szpec-bud.pl     
info@oswiatalingwista.eu     
wodbud@poczta.onet.pl     
geoserwis@polskieprodukty.pl     
kontakt@filaber.com     
geote@wp.pl     
stepkom@onet.pl     
hydraulik_monter@wp.pl     
karol750408@wp.pl     
tgis.instalacje@wp.pl     
biuro-starwent@o2.pl     
mgb@mgb.com.pl     
radelski.budownictwo@gmail.com     
szkolenia@oswiatalingwista.eu     
rymonbobi@wp.pl     
info@sklep-kia.pl     
kwiatkowskiartur557@gmail.com     
spec-bor@wp.pl     
bartek.remonty@onet.pl     
r-kosiek@wp.pl     
janeczkobozena@wp.pl     
dawidkwidzinski87@gmail.com     
biuro@nordeco.com.pl     
tomasz.holeksa@th-telekom.pl     
marcin@elmort.pl     
biuro@gestia.pl     
master.bud@wp.pl     
naszogrod@o2.pl     
maciejnowak.prokab@wp.pl     
joskowskiinstal@wp.pl     
info@rost.pl     
kontakt@kominiarz-sopot.pl     
biuro@kala-projektowanie.pl     
elektro-skal@wp.pl     
dembinski.karol@wp.pl     
profos@profos.com.pl     
slawomir.tomaszewski@asttel.pl     
krishalb@wp.pl     
auto-klimat@wp.pl     
luksmar@poczta.fm     
projektsanitarny@wp.pl     
ekor@ekor.gda.pl     
instalacje@jandziecielski.pl     
atramz22@wp.pl     
przewiert.tech@op.pl     
firma@went-system.pl     
norda.piotrczaja@interia.pl     
biuro@vikingpl.pl     
adver@adver.net.pl     
marcin.michaluk@m-mdesign.pl     
naglosnienie@home.pl     
farm-trans.lukasz.fesio@wp.pl     
biuro@imp-sec.pl     
silvestrpasinskij@gmail.com     
orbital@orbital.com.pl     
kominiarstwo@vp.pl     
tekstylne@atol-instal.pl     
tomatronik@vp.pl     
maciej.myszka88@gmail.com     
stivusss@gmail.com     
uslugihydrauliczne.aquaski@gmail.com     
biuro@klimatrik.pl     
biuro@centralgaz.pl     
hydraulik.gda.pl@gmail.com     
szostek.d@onet.pl     
itxnet@itxnet.pl     
biuro@pjelektric.pl     
ce@cedomu.pl     
kontakt@sw-remonty.pl     
instalator.jankowski@wp.pl     
john.ganski@spoko.pl     
biuro@hydrofix.com.pl     
apf@post.pl     
mateuszdettlaff11@gmail.com     
biguslukasz3@gmail.com     
fhukrzysztoffabiszewski@Gmail.com     
Q4.remonty@gmail.com     
biuro@elkra.pl     
arecki76-76@tlen.pl     
info@gralanta.com.pl     
marekczerwinski1@gmail.com     
naprawnik@yahoo.com     
lg.chlod@dracom.com.pl     
kot.wojciech@wp.pl     
poplawski@poplawski.pl     
michal_rejniak@poczta.onet.pl     
biuro@inwestinstalacje.pl     
pcarena.slupsk@gmail.com     
prorych@wp.pl     
sebapirates@wp.pl     
ochrona.gladiator@op.pl     
ekolux@gmail.com     
pawlowski_arkadiusz@wp.pl     
volano@volano.pl     
hydrodias@gmail.com     
piterbasic@gmail.com     
info@euro-went.pl     
janina.leonarczyk@aldaz.com.pl     
wtkd@wp.pl     
mosgaz@interia.pl     
bessko@o2.pl     
arkadiuszchylinski@wp.pl     
biuro@fibercom.pl     
zb.janchwiej@interia.pl     
kkluczyk@sangaz.gda.pl     
wmiszk@kartuzy.com.pl     
climat58@gmail.com     
krzysztofdomagalski@op.pl     
teletechnika@teletechnikatczew.pl     
info@wiran.pl     
neptun@neptun.com.pl     
pracownia.aranzacje@o2.pl     
info@inbud.gdynia.pl     
biuro@hubeny.pl     
lcs@lcs24.pl     
biuro@jagan.com.pl     
biuro@baza-2.pl     
k.chmielewski@t.pl     
biuro@it-r.pl     
fijalo.projects@gmail.com     
pbitszymanski@vp.pl     
kostuch.henryk@wp.pl     
g.kuich@v-matic.pl     
agrisunserwis@gmail.com     
roman.prokopiuk@wp.pl     
sszmytka@wp.pl     
fhu.adrianwansel@gmail.com     
biuro@chemtec.pl     
joskowscy@vp.pl     
biuro@m3.gda.pl     
wankejan@wp.pl     
zarzadcazieba@gmail.com     
ablaszkiewicz@timex.com.pl     
krispol-piaskowanie@wp.pl     
biuro@argon.com.pl     
biuro.sgwp@gmail.com     
andrzej.liedtke@wp.pl     
biuro@nabak.pl     
dariusz.mrozek@coldworld.eu     
biuro@hammer-pol.pl     
piotrlisek@wp.pl     
eltapro@wp.pl     
kostkabrukowa1988@wp.pl     
kontakt@gra-tis.pl     
kiecz.szymczak@gmail.com     
darezja.bytow@gmail.com     
romrediger@wp.pl     
zbyszek@medi-tech.pl     
biuro@automex-system.com.pl     
compak@op.pl     
biuro@grandearchitektura.pl     
mb.brandt.spzoo@gmail.com     
goc.artur@gmail.com     
glowczewskakarolina@gmail.com     
biuro@stolkal.pl     
m.barski@sealab.pl     
biuro@atomservice.pl     
mandieselturbo-poland@man-es.com     
biuro@eco-synergia.pl     
m.lemandachlux@wp.pl     
szulbud@interia.pl     
dar-rur@wp.pl     
biuro@biepii.com     
pb-team@wp.pl     
biuro@ztm.slupsk.pl     
marcomech@o2.pl     
biuro@am-tech.com.pl     
ppuhgama@wp.pl     
margas54@wp.pl     
biuro@balticdivingsolutions.pl     
lp@installers2.com     
krzysztofsowabud@gmail.com     
biuro@dhoze.pl     
kontakt@foliaparoizolacyjna.pl     
biuro@pantarei.com.pl     
uslugi.budowlane@spoko.pl     
biuro@julbud-lebork.pl     
michal.lemanaki@o2.pl     
brak     
kingahebel123@gmail.com     
rafal@rawa-net.com     
mchalecka@hydrotest.pl     
tomaszklas@interia.pl     
adam217@poczta.onet.pl     
elgreko@elgreko.pl     
bowlingproshop@wp.pl     
pwwindtur@gmail.com     
biuro@elsim.lebork.pl     
e.l.petrol.serwis@wp.pl     
biuro@informatyk1.pl     
biuro@anadeco.pl     
biuro@hgodevelopers.pl     
tomaszhofman22@wp.pl     
ekokanal@op.pl     
zgtrans@wp.pl     
zofiazj@wp.pl     
biuro@hydroterm.strefa.pl     
micek@post.pl     
apa@apaprojekt.pl     
biuro@taxitronik.pl     
alians@alians.eu     
tr.konstruktor@gmail.com     
zakladkominiarski-bobrucki@wp.pl     
rehausok@gmail.com     
rombud.gdynia@op.pl     
biuro@teleopto.pl     
tosbiuro@wp.pl     
biuro@vgg.media.pl     
marcinwroblew@gmail.com     
carry100@wp.pl     
ekodom.wejherowo@gmail.com     
mich.czeszejko@gmail.com     
sebastian.parchem@wp.pl     
kontakt@smarthome.gda.pl     
abagaz@op.pl     
abapol@abapol.pl     
jacek.kossowski@pl.abb.com     
pw@abens.pl     
adrianjarecki@gmail.com     
adammoroz@wp.pl     
r.roger@wp.pl     
biuro@elektromar.com     
piotr.podplonski65@gmail.com     
accent@accent.com.pl     
biuro@mitus.com     
robertkondratowicz@wp.pl     
acdc.wiesiek@wp.pl     
adam16ac@wp.pl     
gienek77502@wp.pl     
klimczak.adam.wej@gmail.com     
adamkostuch@gmail.com     
contentel@op.pl     
beata-wozny@wp.pl     
adamzarach@gmail.com     
uslugi@gmail.com     
adigrzegorz@op.pl     
adleko@go2.pl     
a-dmal@tlen.pl     
biuro@admintech.pl     
mdem92@o2.pl     
adriannarloch16@gmail.com     
adx-24@wp.pl     
arnold.geza@gmail.com     
agamex@agamex.pl     
agataformella@wp.pl     
sykulaa@gmail.com     
agbar-el@wp.pl     
hrybicki1@wp.pl     
moritz@plusnet.pl     
arkadiusz.grabski@gmail.com     
osiej.dawid@wp.pl     
krzysztof.paul@neostrada.pl     
pit720@wp.pl     
akssel1982@wp.pl     
victor@tczew.pl     
biuro@alarmserwis.pl     
darek@alarmserwis.pl     
czemerda@o2.pl     
sklep@alarmserwis.pl     
sklep@alarmy1.pl     
alcomtelph@gmail.com     
ag@agelectronic.pl     
aleksinstal2021@gmail.com     
karolkurs@gmail.com     
adrian.orlowski@interia.eu     
ptalfa@interia.pl     
gregpin@wp.pl     
marek@al-pio.pl     
biuro@altelczersk.pl     
biuro@eurowind.pl     
magdalena.kozielska@gmail.com     
ialarmy@wp.pl     
alarmy@amber-alarmy.pl     
sekretariat@ambientsystem.com.pl     
pawel.joskowski@gmail.com     
kontakt@amelsystemy.pl     
amper127@wp.pl     
amperwp@tlen.pl     
amperforyou@gmail.com     
biuro@ampery.pl     
slawomirzietarski@wp.pl     
ampower.andrzej.miazgowicz@gmail.com     
amserwisgsmpc@gmail.com     
biuro@anar.pl     
anberg@poczta.onet.pl     
anddyk@wp.pl     
andrem@andrem.pl     
andrzejcierocki@wp.pl     
andrzejgd14@wp.pl     
kuntakalw@wp.pl     
jedrek@serwis-elektryczny.pl     
andrzej.zielinski@wektor.gda.pl     
animus.acdc@orange.pl     
krysiak.gdansk@gmail.com     
antaresmo@wp.pl     
plichta-adam@wp.pl     
pachoy@wp.pl     
biuro@apollo-energia.pl     
handlowy@aquacom.pl     
aquatom@interia.pl     
aquila.pv@wp.pl     
biuro@ar-electro.pl     
argaz@argaz.pl     
gazmajster1@tlen.pl     
kontakt@solark.pl     
awronski0@wp.pl     
myszka.rafal@gmail.com     
arminstalbiuro@gmail.com     
biuro@armtech.com.pl     
office@armtech.com.pl     
biuro@arselectrica.pl     
arsinstal@op.pl     
a.mosakowski@vectra.pl     
artur@bednarek.org.pl     
artikle@wp.pl     
olender.art@gmail.com     
andrzejjanusz65@o2.pl     
aspprzyborowski@wp.pl     
astartel@astartel.pl     
biuro@ait.gdynia.pl     
jadwiga.korzeniewska@gmail.com     
karol.sledz@ateco.pl     
budownictwo@ategoenergia.pl     
ate.instal@gmail.com     
biuro@atom-service.pl     
biuro@atom-system.pl     
krzysztof.zolciak@wp.pl     
humyn@wp.pl     
autoatut@o2.pl     
auto.gaz.serwis@o2.pl     
autocaros89@interia.pl     
biuro@autodomkubiak.pl     
instalgaz@webstrony.pl     
janusz4.4@vp.pl     
automatserwis@poczta.onet.pl     
kacperdomaradzki1993@wp.pl     
biuro@automixenergetyka.pl     
jerzydrywa@wp.pl     
autosystemgaz@interia.pl     
avtcontrol@gmail.com     
awton@awton.pl     
azartsat@vp.pl     
balcerzakandrzej@wp.pl     
grabka.m@gmail.com     
balticgsm@gmail.com     
roman.kamm@kamelia.pl     
biuro@bamapol.pl     
biuro@bantel.pl     
bartel-mail@o2.pl     
biuro@serwistelekom.pl     
666fabio@wp.pl     
bartekjagu321@wp.pl     
bart7778@wp.pl     
bartoszlange@onet.pl     
baran394@wp.pl     
brs-system@hotmail.com     
wieslaw.bast@wp.pl     
sklep@farbybeckers.pl     
bednarekserwis@wp.pl     
pawlakkosecki@gmail.com     
pbabis@bim-projekt.pl     
bartq@bartq.com     
anna.armatowska93@gmail.com     
bloch.andrzej@wp.pl     
danielhewelt@wp.pl     
sebastianduncew@gmail.com     
blazej520@wp.pl     
kontakt@bmelektro.pl     
biuro@bosolar.pl     
bobrygsm@gmail.com     
bogdan.araminowicz@gmail.com     
borski@op.pl     
elbra@op.pl     
grzegorz_butrym@o2.pl     
biuro@breaker.pl     
robert.mroczek@wp.pl     
boguslaw.bronk@wp.pl     
BGPROENERGY@WP.PL     
buadam@wp.pl     
bubo.ar@o2.pl     
kaz69k@wp.pl     
biuro@budwan.pl     
karolkiedrowicz@wp.pl     
arkadiusz.szymanski1@gmail.com     
carrier_alarmy@poczta.onet.pl     
boneksl@gmail.com     
piotr.zalewski@eia.pl     
cebicebi@o2.pl     
fhucezal@wp.pl     
hornet@chojnet.pl     
chorostian@op.pl     
biuro@cim-el.eu     
arturzborowski@wp.pl     
kkedzierski@poczta.fm     
coala1155@wp.pl     
mirka.gracz@wp.pl     
biuro@comas.pl     
info@comp-service.pl     
compan@onet.pl     
mieszko.zielinski@genzet.com.pl     
serwis@convect.pl     
kontakt@cordus.com.pl     
biuro@costerina.pl     
kartuzy@dystrybutor.net.pl     
gdansk.osowa@dystrybutor.net.pl     
CYTAWA.SPZOO@GMAIL.COM     
gdansk@czakram.pl     
czamper.instal@gmail.com     
elektryk@data.pl     
dabi.karol@gmial.com     
daks.proel@gmail.com     
kot.dawidowski@wp.pl     
dglass@wp.pl     
damian.herholz@o2.pl     
vodsilent@wp.pl     
damianpieczynski@interia.pl     
damian.szatkowski1985@interia.pl     
biuro@damossecurity.pl     
danieldobek@o2.pl     
dabrowski1@vp.pl     
grisza76@o2.pl     
sudak@op.pl     
divrey@wp.pl     
dariusz.maslany@op.pl     
d.szczublewski@gmail.com     
dbobkowski@gmail.com     
brillowski.dawid@gmail.com     
elektryk.bukowski@gmail.com     
dawid.corporation@gmail.com     
dawidelektryczny@gmail.com     
dawid.kobylski@gmail.com     
biuro@systemydk.pl     
dawiczko.plocki@gmail.com     
sigma89@gmail.com     
dawid.myrda96@wp.pl     
dax-elektro@wp.pl     
marcin.orlo@gmail.com     
arturdeling@poczta.onet.pl     
mr.derda@poczta.onet.pl     
studzin@interia.eu     
diostczew@wp.pl     
dfas@dfas.pl     
kamil.dybowskix@gmail.com     
pphudim@gmail.com     
mdolan95@gmail.com     
domitczew@op.pl     
dominstal@onet.pl     
domiswk@interia.pl     
biuro@domoweoze.pl     
marszalkowski@wp.pl     
damian.mierski@gmail.com     
drozd@drozd.pl     
piona11@o2.pl     
dawid-tucholski@wp.pl     
dudijarek@op.pl     
biuro@duors.pl     
piotr.dunin@inetia.pl     
biuro.ecoinstal@wp.pl     
biuro@ecolonta.pl     
biuro@ecoren.com.pl     
tomasz.werc@ectron.pl     
edplichta@gmail.com     
amared@wp.pl     
jarku@tlen.pl     
eebb.b@op.pl     
barczmariusz@onet.pl     
ehd@poczta.wp.pl     
eko@adres.pl     
leszek.smukala@wp.pl     
ekocieplo2015@gmail.com     
emil.ostajewski@wp.pl     
tomaszwielewski@gmail.com     
biuro@ekol-system.pl     
yozo@wp.pl     
ryszardmarszalkowski@wp.pl     
biuro@eksabit.pl     
el-bargo@wp.pl     
biuro@el-cad.pl     
dariuszlessnau@wp.pl     
w_pionk@wp.pl     
mkrajnik94@gmail.com     
krzysiek74@wp.pl     
slawomirpionka@o2.pl     
tomasz.wys@wp.pl     
elboszke@wp.pl     
kry.car@wp.pl     
jacek.miszewski@gmail.com     
tomekdargacz@wp.pl     
biuro@elprofessional.pl     
kaszub_@wp.pl     
droszynskiego@elar.com.pl     
chojnice@elar.com.pl     
kartuzy@elar.com.pl     
starogard@elar.com.pl     
partyzantow@elar.com.pl     
bf2sf@interia.pl     
el-baza@wp.pl     
strachota.sebastian@gmail.com     
bendz46@wp.pl     
elbetmarbo@interia.pl     
bislaw@wp.pl     
specelbit@wp.pl     
aleksandra.rogocka@icloud.com     
ms208@wp.pl     
sekretariat@elbudrem.pl     
sisiciuciu86@wp.pl     
eldan2@gazeta.pl     
eldan@op.pl     
kasia8900@wp.pl     
eldar1@onet.pl     
artur@eldom.internetdsl.pl     
eldorem@gmail.com     
budowa@eldro.pl     
zui@eldro.pl     
tomramczyk3@gmail.com     
jasiowymk@poczta.onet.pl     
k.zuranski@interia.eu     
marena6@wp.pl     
info@electricsun.pl     
bufu1@wp.pl     
krystian@emsweska.com     
arkadiusz.potapczuk@electroshipservice.com     
marcinzblewski@onet.pl     
p.elgert@wp.pl     
szymony45@gmail.com     
weronika.piecyk@gmail.com     
info@electro-therm.pl     
grzemacz@op.pl     
kwelekon@gmail.com     
instalacje@elekris.pl     
marcin771108@wp.pl     
biuro@trojmiasto-elektryk.pl     
jacek.rozycki@tlen.pl     
ryszard.luczak@gmail.com     
badred@o2.pl     
el-home@wp.pl     
adam60912@wp.pl     
lukaszranachowski1@gmail.com     
sebastian.blomberg@wp.pl     
elektro.ue@gmail.com     
bartekdolatowski@gmail.com     
marcin.jurgiel@gmail.com     
elektro-comp@wp.pl     
elektrocore.gdansk@gmail.com     
info@elektro-dan.pl     
daniel123-1997.1997@o2.pl     
elektrodom.pw@gmail.com     
elektrofloinstalator@gmail.com     
biuro@epab.pl     
jaworski.d@op.pl     
elektro-instal.ds@wp.pl     
elektro-instal-lebork@wp.pl     
p_bajkowski@wp.pl     
mateuszgoszka@o2.pl     
e.mod54@gmail.com     
jaroslaw.bajkowski@wp.pl     
elektrokompleks83@gmail.com     
biuro@elektrom-tm.pl     
elektromar@o2.pl     
elektromat.mh@gmail.com     
amyszk@tlen.pl     
krisbiel@o2.pl     
elektromedia1@vp.pl     
biuro@elektromet.slupsk.pl     
livolo@livologdynia.pl     
grzegorzderda@wp.pl     
piotr.nagorka@wp.pl     
elektronat@wp.pl     
mariusz.sz642@gmail.com     
kruszynski.bartlomiej@gmail.com     
elektrop.preuss@poczta.onet.pl     
jacnow@go2.pl     
elektro.plus@op.pl     
politowski1322@gmail.com     
mariuszlabuda@o2.pl     
elektro-popielski@wp.pl     
augustynski.a@interia.pl     
petrykdaniel@gmail.com     
dyrekcja@elektroprojekt.pl     
rafaldobosz@o2.pl     
elektroagat1@o2.pl     
elektrosep@pro.onet.pl     
marcinlatkowski.sj@gmail.com     
marek0105@onet.eu     
eltepartner@gmail.com     
elektro.technika@op.pl     
ranachowski11233@gmail.com     
skar15@tlen.pl     
tadeusz.rozenka@gmail.com     
grzegorz.wolkow87@gmail.com     
elektrus1@op.pl     
cto.elektrycian@wp.pl     
bar.ni@wp.pl     
elektryfika@o2.pl     
karol2118@o2.pl     
adas732@wp.pl     
boss.karol@gmail.com     
elewacje@elewacje.com.pl     
elex_elektrotechnika@o2.pl     
elfach@vp.pl     
serwis@elfracorr.pl     
michal.grzelka@gmail.com     
elgreen@elgreen.pl     
el-hen@wp.pl     
jellas@interia.pl     
elinstal@autograf.pl     
el-instal@el-instal.pl     
el-inst@wp.pl     
jack230@op.pl     
elkabelsc@wp.pl     
el_kan@wp.pl     
elkar.karol@gmail.com     
elkatel@o2.pl     
el_ko@poczta.onet.pl     
radomskistarogard@wp.pl     
jarekn71@o2.pl     
elkros@o2.pl     
lisekgda@o2.pl     
maciekkaczor77@gmail.com     
herkules07@o2.pl     
marekdejk@poczta.onet.pl     
marekskwierawskiel-marko@wp.pl     
elmasters@vp.pl     
m_jakubowski6@wp.pl     
elmax@kna.pl     
krystian.manuth@gmail.com     
z.g.el-mech@o2.pl     
kontakt@elmer.slupsk.pl     
elmersystem@tlen.pl     
mpr24@wp.pl     
daniello204@wp.pl     
biuro@el-mod.pl     
tadeusz.kosecki@onet.eu     
elmont-jan@wp.pl     
biuro@el-mos.pl     
jgrinholc@tlen.pl     
elektryk670@gmail.com     
pl@wp.pl     
biuro@elpol1.pl     
biuro@elpomsc.pl     
elpower@onet.eu     
elpro.slupsk@wp.pl     
balu_19921992@wp.pl     
i.gwiazda@o2.pl     
elprotor@wp.pl     
el-przem@el-przem.pl     
elrad@onet.pl     
roman2000@wp.pl     
biuro@el-ros.pl     
biuro@elsa.pl     
sebastiansirocki@wp.pl     
elsanco@poczta.onet.pl     
marek_nowak_gdansk@go2.pl     
elsoma@wp.pl     
ksowinski11@wp.pl     
dyka@elstin.com     
elstyp@o2.pl     
piotr.petta@wp.pl     
elsystem.ts@gmail.com     
szweda1101@wp.pl     
tomek19929@o2.pl     
el-tech.lesner@wp.pl     
slawekwierzba@wp.pl     
eltelw@wp.pl     
eltes@eltes.com.pl     
eltexgda@wp.pl     
tkaluza1@wp.pl     
tomasop@vp.pl     
tommedia1@tlen.pl     
stanislawlos@wp.pl     
gdynia@eltrox.pl     
gdansk@eltrox.pl     
damvel@tlen.pl     
krzysztof.witek.elwat@wp.pl     
marek.westphal@wp.pl     
marek.jezierny@wp.pl     
emiter@onet.eu     
emnet@emnet.com.pl     
enbart@enbart.pl     
biuro@enel-instalacje.pl     
cbre@energa.pl     
airzocho@wp.pl     
bogdan.olbromski@wp.pl     
energia.konsulting@gmail.com     
proa@vp.pl     
biuro@energo-eco-tech.pl     
a.wiszniewski@energoprojekt.net.pl     
eninstal@wp.pl     
pawel-bejer@wp.pl     
sebastian.typiak@o2.pl     
biuro@energy-on.pl     
p.strzelec@data.pl     
biuro@energyset.pl     
el-zen@wp.pl     
entelin@op.pl     
k.k1987@wp.pl     
j.romanski@cisovanet.pl     
office@ertronix.pl     
slawomirkwiatkowski@wp.pl     
esand1@wp.pl     
eskasc@wp.pl     
jakubgs15@gmail.com     
maven@wp.pl     
euroserwis24h@wp.pl     
klif@eurotel.com.pl     
marek@extrasolar.pl     
biuro@ezhouse.pl     
biuro@fir.4afabud.pl     
biuro@fachmann.org.pl     
biuro@fastdata.com.pl     
karol_tarnowski@hotmail.com     
faza.gt@wp.pl     
monnia92@interia.pl     
z.pawluc@interia.pl     
biuro@feelsafe.com.pl     
felix.enter.gdansk@gmail.com     
complex59@op.pl     
damar.rumia@wp.pl     
pawel.wieliczko@tlen.pl     
eltim@wp.pl     
gepard.security@op.pl     
andrzej.hellwig@wp.pl     
bstrzyzewski@wp.pl     
prondex@onet.eu     
slawroll@op.pl     
f.u.h.wieslaw-janusz@wp.pl     
mirek@wmc24.pl     
pawelzboro@wp.pl     
mniczko@wp.pl     
dominikwisniewski99@gmail.com     
filbudgdansk@wp.pl     
filonero@wp.pl     
walbud2168@onet.pl     
lumenelektryk@o2.pl     
pamel24@wp.pl     
rzepka1979@o2.pl     
chmurek69@wp.pl     
serwis@durisz.pl     
beatakulesza71@interia.pl     
radziu81@poczta.onet.pl     
dczm@interia.pl     
bejnerowiczgrzegorz@gmail.com     
kmrowca@gmail.com     
63rybak@gmail.com     
andrulewicze@gmail.com     
maciek.for91@wp.pl     
forsan@wp.pl     
biuro@fortelsc.pl     
smolinski.janusz@gmail.com     
biuro@forwost.com.pl     
biuro@fot-el.pl     
biuro@fotoogniwa-sklep.pl     
kasjanolejnik@wp.pl     
pawelczerw87@gmail.com     
slawekokon65@gmail.com     
foxenergy.jl@gmail.com     
e.frask@wp.pl     
frigoserwis@gmail.com     
krzysztof.kopysc@fsexpert.pl     
gbernardyn@gmail.com     
kankaz@wp.pl     
biuro@technit.pl     
kontakt@funksolutions.pl     
gdansk@futunext.com     
biuro.futurehome@gmail.com     
gelektro@wp.pl     
gabi35@onet.pl     
mariuszgalkowski1308@gmail.com     
info@gaman-gt.com     
sklep@gapilot.eu     
gardasc@wp.pl     
gasco.obukowicz@wp.pl     
gcinstal@onet.pl     
gsawojtek@poczta.fm     
biuro@prt-gdansk.com     
k.gebhardt@interia.pl     
ruslan21@tut.by     
info@genevo.pl     
geo.elektryka@poczta.onet.pl     
geoheat@o2.pl     
piotr.systemy@gmail.com     
dawid.ginda@o2.pl     
csj@poczta.internetdsl.pl     
junkers@junkersgdynia.pl     
figpl@wp.pl     
info@golpg.pl     
elektroinstalatorstwojg@wp.pl     
damiangrablowski@wp.pl     
info@greenhousesystems.pl     
zababorsk@gmail.com     
biuro@greto.com     
quadrocam@gmail.com     
info@gromar-energy.pl     
s.proszynski@ground.com.pl     
gbakierski@o2.pl     
gregor-nowi@wp.pl     
service@satmar.pl     
rdzk.993@gmail.com     
piotrjania1@tlen.pl     
info.gdansk@gtsenergis.pl     
phammerbud@wp.pl     
hjtobiasz@wp.pl     
biuro@hd-gsm.pl     
damiangolicki@gmail.com     
sklep@anuszkiewicz.pl     
heatenergy@heatenergy.pl     
leszczynski_krystian@wp.pl     
hencool@wp.pl     
henox@interia.pl     
mbezubka@gmail.com     
basia-bs@o2.pl     
h.h.instalacje@gmail.com     
ratulowskikamil@wp.pl     
biuro@hirston.pl     
elhirsz@op.pl     
karol@hilbrycht.com     
rafalholk@poczta.fm     
ami@emao.pl     
pszersz@wp.pl     
m_a_l_y111@wp.pl     
office@hq-tech.pl     
biuro@hrinvest.pl     
michal.nacwalski@gmail.com     
jarek.huli@wp.pl     
tomek-skierka@wp.pl     
hydrodem@wp.pl     
hydrogaz.biuro@gmail.com     
hydrogaz7@wp.pl     
biuro@hydroklima.com.pl     
marcinszramka@wp.pl     
szczepan7474@wp.pl     
r.engel@interia.pl     
adas419@wp.pl     
hydrotech.slupsk@wp.pl     
cieplownictwo@wp.pl     
el-star@wp.pl     
biuro@icontrol.com.pl     
idinstal230@gmail.com     
ideasystem.pl@gmail.com     
xifeko@gmail.com     
biuro@ikosystem.pl     
marcin.przytarski@gmail.com     
impuls.rm@gmail.com     
biuro@inbudgaz.pl     
patden6577@gmail.com     
michal.inel@gmail.com     
biuro@inetservice.pl     
tadeusz.informat@gmail.com     
inkool2020@gamil.com     
biuro@innergo.pl     
innotech@innotech.com.pl     
filip.fiertek@gmail.com     
inst@vp.pl     
insta.turzynski@wp.pl     
instal-serwis.szmuda@wp.pl     
d.ludwikowski@wp.pl     
rafal.widawski@wp.pl     
semeniuklukasz@wp.pl     
arekpaszki@gmail.com     
pionar1@wp.pl     
kar_ols@o2.pl     
garskipartner@gmail.com     
jarek2114@vp.pl     
romanbizewski@wp.pl     
elektrykbytow24@gmail.com     
krzysztof.dopke4@wp.pl     
marcin.ellwardt@gmail.com     
m.nowaczewski@wp.pl     
jacek.zagorski67@wp.pl     
patryk_kubik@wp.pl     
figlon1980@wp.pl     
piko3@poczta.onet.pl     
isgostrowski@gmail.com     
instalacje.rep@gmail.com     
elektryk.reda@wp.pl     
danielgilecki@hotmail.com     
wdowiakzbyszek@gmail.com     
kaminski.tadeusz@gmail.com     
bohdanowicz@poczta.fm     
elektryk.iplata@gmail.com     
wacjad@gmail.com     
lukaszlisicki@wp.pl     
michas17fusio@wp.pl     
wojciech_lesner@wp.pl     
piotrrybak83@wp.pl     
piotrek2385@o2.pl     
rczarnul3@gmail.com     
r.wlod@wp.pl     
ireneusz_kaminski@wp.pl     
instal.bud@wp.pl     
lukaszrolbiecki@wp.pl     
info@instalert.pl     
pu.instalex@op.pl     
instal.kocz@op.pl     
instalnord@op.pl     
instalplus@poczta.fm     
instalchojnice@pro.onet.pl     
jacekdulski@poczta.onet.pl     
jansok57@wp.pl     
instal-travel@poczta.pl     
leszekworonowicz@interia.pl     
ien@ien.gda.pl     
kurek.kamil1@wp.pl     
iwt@intech.eu     
its@onet.eu     
biuro@in-technic.pl     
biuro@integrabms.pl     
ploroman@o2.pl     
ryszard.bartela@wp.pl     
inwestmat@wp.pl     
biuro@inwestor.media.pl     
info@iqlab.pl     
ireneusz.gmurski@gmail.com     
isad@isad.pl     
kontakt@isec-teletech.pl     
biuro@ises.pl     
jaco.jacek1@gmail.com     
biuroisolar@gmail.com     
biuro@iso-net.pl     
isp.servicepl@gmail.com     
annawentland@wp.pl     
magdalena.kacprzak@it-trends.pl     
kokowski212@wp.pl     
klim6@wp.pl     
jacek.rostankowski@tlen.pl     
jjacek.rydzewski@gmail.com     
elsi-elektryka@wp.pl     
jacek.nastaly@wp.pl     
jmajerowski@o2.pl     
jglowac@gmail.com     
kuba.ratownik111@gmail.com     
j.z.electroservice@gmail.com     
jalux@poczta.onet.pl     
elkin.1@wp.pl     
jan.mucha21@wp.pl     
miroslaw.janowski@wp.pl     
janrom@janrom.pl     
hanna.stencel@interia.pl     
jaroslaw.kawka@wp.pl     
barganski@op.pl     
qdzian@gmail.com     
jarmas@wp.pl     
jarek.went@gmail.com     
elektryk@wejher.net     
janusz_abram@tlen.pl     
jdservice@jdservice.pl     
biuro@jdsieci.pl     
jerpolak@gmail.com     
jj.elektro@o2.pl     
jakubjeka@wp.pl     
m.kalinowski@interia.pl     
piotr@jmptelefon.pl     
jola606@wp.pl     
biuro@jotel.gda.pl     
jsztadelmajer@gmail.com     
biuro@jppsystem.pl     
biuro@jp-telekom.pl     
biuro@jrpst.pl     
jacek.rudnicki@jrpst.pl     
poczta@afinor.pl     
siconnect.eu@gmail.com     
radomir.ossowski@wp.pl     
biuro@jwbass.pl     
kaba@poczta.onet.eu     
biuro@kabarpol.pl     
uslugielektryczne@poczta.onet.pl     
ula_k6@op.pl     
gsz@sl.onet.pl     
biuro.kamel@o2.pl     
kamil_krolikowski1@wp.pl     
kamil.trykacz@wp.pl     
kamiz@wp.pl     
redakcja@kanal6.pl     
instalwent@instalwent.pl     
marceli1307@wp.pl     
s70.charzykowy@gmail.com     
k_el_instal08@interia.eu     
bogdan2003@wp.pl     
u.el.kar@wp.pl     
kazimierzhermann@interia.pl     
vispol.gdynia@gmail.com     
kazimierz.sulej@op.pl     
piotrapjk@gmail.com     
biuro@kerntech.pl     
elektryk@elektryk.slupsk.pl     
andrzejsiek1@wp.pl     
info@klima-technik.pl     
klimelrumia@gmail.com     
biuro@klinkosz.pl     
biuro@izokmb.pl     
baas06@o2.pl     
mateusz9129@wp.pl     
jocker955@wp.pl     
sylwiuszkobiela@wp.pl     
info@kolektor.pl     
kom-sat@o2.pl     
michalkarczmarczyk@wp.pl     
czarneckikonrad27@gmail.com     
d.ol@wp.pl     
jorgbas@wp.pl     
kordianelektryk@gmail.com     
korex.michalkorecki@gmail.com     
korzaw@gmail.com     
m.bysikiewicz@kotlarze.pl     
wajdzik.czeslaw@icloud.com     
kozak-system@wp.pl     
kranandrzej@poczta.onet.pl     
krausehydraulik@gmail.com     
biuro.krauses@wp.pl     
uslugi-kreator@wp.pl     
msi142@interia.pl     
lapucki_krzysztof@interia.pl     
krychapb.krystianangielczyk@gmail.com     
panpiqus@gmail.com     
krystian.sellin@interia.eu     
k.trabczynski@zenwind.pl     
rafkov@gmail.com     
chris_angel@poczta.onet.pl     
biuro@conaco.com.pl     
geo.elektryka.bis@gmail.com     
klimas145@wp.pl     
kochman@wp.pl     
k.komo@interia.pl     
krzysztofkrupka@wp.pl     
krzysztofkwiatkowski.e.p@gmail.com     
majewskizabezpieczenia@wp.pl     
krzysztof.renusz@wp.pl     
telesystem1967@wp.pl     
kriswrzalka@wp.pl     
k.sulkowski@kss-group.pl     
ksv.energie@hotmail.com     
biuro@ktmeng.pl     
krokicki@wp.pl     
kukula@cyberia.pl     
instalacjeslupsk@gmail.com     
tomiko2@poczta.onet.pl     
llabun@limes.com.pl     
lademannpatryk@wp.pl     
lansat@wp.pl     
k-latawiec@wp.pl     
rozalski@go.2.pl     
ledlab.elektryk@gmail.com     
liderlis@wp.pl     
mzelgert@limontech.pl     
l.kottlewski@tintech.pl     
marcinwawrzyniak33@gmail.com     
lubnex@gmail.com     
info@luk-connect.pl     
lukas.klein@neostrada.pl     
lukasborzyszkowski@wp.pl     
karpyza@wp.pl     
luk1073@wp.pl     
luk.maruszak@wp.pl     
pima_ul@poczta.onet.pl     
lukasz.picheta@interia.pl     
bosmann@vip.onet.pl     
kontakt@elektrotechsystem.pl     
libricht-lukasz@wp.pl     
lukas-narloch@wp.pl     
okroj.lukasz@wp.pl     
l.olech@solace.pl     
petka19961996@wp.pl     
lukasz.samson@wp.pl     
l.sielezin@wp.pl     
sigda506@op.pl     
eramw@data.pl     
dysarz.biuro@gmail.com     
maciejbodnar@o2.pl     
infel.kontakt@gmail.com     
biuro@podtrzepakiem.pl     
zibo25@o2.pl     
biuro.pprt@asttel.pl     
makbart@gmail.com     
ewa_dk@wp.pl     
majaturylo@wp.pl     
biuro@tvmalbork.pl     
8eldar8@wp.pl     
maniek-elektryk@wp.pl     
sebastian.okna@op.pl     
sklep@techsklep.eu     
marcinformela77@wp.pl     
marcin.ortman@gmail.com     
mtoczek23@gmail.com     
arturhetmanski@op.pl     
dudek.systems@wp.pl     
marek.dwojak@gmail.com     
mjg99@wp.pl     
mkondraczuk@lantek.com.pl     
nimek-21@wp.pl     
biuro@ogrzewanie-chojnice.pl     
marekz1234@o2.pl     
mariuszbajerski@gmail.com     
protech.gdynia@wp.pl     
elektryk-anteny@o2.pl     
industrial.electric@op.pl     
mariuszsch1@o2.pl     
phu.marko@wp.pl     
markowski@markowski-instalacje.pl     
marlukbiuro@gmail.com     
servis_gsm@wp.pl     
marol-gaz@wp.pl     
master.klima@wp.pl     
mateusz.giersz@gmail.com     
mmati97@wp.pl     
mateusz_olejnik@outlook.com     
maxenergygdynia@gmail.com     
maxima801@interia.pl     
maxoninstalacje@wp.pl     
biuro@maxsol.pl     
mbelectrotechnics@gmail.com     
mbelektro@wp.pl     
ankowalcz@wp.pl     
direct@mcx.com.pl     
mdel.dering@gmail.com     
landowskisl@gmail.com     
meow@meow.pl     
metrol@metrol.biz     
biuro@metroplay.pl     
biuro@mgb.com.pl     
gosia@mgs.org.pl     
m.hanowicz@wp.pl     
mich.ciupek@gmail.com     
0mdebski0@gmail.com     
michal.hh.84@googlemail.com     
m.kurlej@interia.pl     
michalrozynskipl@gmail.com     
michal_sobczynski@o2.pl     
michpolchojnice@o2.pl     
micosan@o2.pl     
michal_219@op.pl     
kontakt@migel.pl     
biuro@mikaru.pl     
mikowhy0@o2.pl     
biuro@mikroenergetyka.com.pl     
mariusz.milczewski@gmail.com     
instalator@op.pl     
kontakt.minstalacje@gmail.com     
elmirco@interia.pl     
mikka15@vp.pl     
miroslawmienik@gmail.com     
szczepanmm@onet.eu     
mlosinski@wp.pl     
biuro@mixsystem.pl     
iza-jarzebinska@wp.pl     
kontakt@mmspark.pl     
mmsindustry@wp.pl     
sklep@mobihelp.com     
biuro@modplus.gda.pl     
mondrzew@pro.onet.pl     
moto.gaz.expert@gmail.com     
biuro@mpklimat.pl     
pocztaarek@gmail.com     
jahu901@gmail.com     
astrum.czersk@mpunkt.pl     
wroobel_platfus@wp.pl     
info@mrjug.pl     
mariusz_kowal@yahoo.com     
mswires@wp.pl     
konopinski.krzysztof@gmail.com     
mizera_jr@go2.pl     
wtuptus43@wp.pl     
office@multicon.org     
beata@pukaluza.pl     
kemotwsm@o2.pl     
mwm@kobonet.com.pl     
ciuciek.kacala@gmail.com     
mysterelektro@wp.pl     
kontakt@najlepszyinternet.pl     
n.janiszewska@poczta.onet.pl     
d.zylinski@neon.gda.pl     
biuro@net-budsystem.pl     
biuro@net-kon.pl     
biuro@enpro.pl     
j.potyrala@gmail.com     
lordnik@o2.pl     
rafal@kleinschmidt.pl     
boa@nettel.pl     
kneubauer@wp.pl     
biuronevac@gmail.com     
jagolaszewski@gmail.com     
biuro@nildeis.com.pl     
nordelektro@outlook.com     
piotrolszewskigdansk@gmail.com     
norel@norel.info     
mateusz.nosinski@wp.pl     
pumle@wp.pl     
oooolsen@o2.pl     
arturptak1964@gmail.com     
yaboo1@wp.pl     
omegasc@omegasc.eu     
one-gsm@wp.pl     
sekretariat.tarnow@gaz-system.pl     
pawelbaginski30@gmail.com     
optinet@interia.eu     
biuro@optisol.pl     
tomekslu@op.pl     
org2@org-service.com.pl     
biuro@origonk.pl     
oskartukalski1@gmail.com     
klimatyzacja@oskimos.pl     
biuro@fotowoltaiczny.pl     
biuro@ozezeslonca.pl     
biuro@palkowski-instalacje.pl     
pama@poczta.onet.pl     
gs1150@wp.pl     
turbak61@o2.pl     
ueparys@wp.pl     
kamilp122@wp.pl     
patrycja.paczula@op.pl     
paw-el9@wp.pl     
nowak.mail@o2.pl     
autonagaz@poczta.onet.pl     
skijewski@sail-ho.pl     
wojnowskiadrian@gmail.com     
andrzej.perszon@interia.pl     
mariusz.trybala@wp.pl     
haty@wp.pl     
biuro@pgi2.pl     
piotr.62@wp.pl     
phoyteq@gmail.com     
dzienisz.biuro@wp.pl     
kontakt@autoseba.com.pl     
jacektrocki@wp.pl     
mikolaj.brzuzy@gmail.com     
a.zazula@wp.pl     
a.nowak@el-serwis-an.pl     
j.sikor@wp.pl     
marex2@interia.pl     
mariakononowicz23@gmail.com     
marka.08inst@wp.pl     
marpor@vp.pl     
k.patryk@gmail.com     
info@serwiscentral.pl     
crazyphone@o2.pl     
andrzej.pioch@wp.pl     
milan.48@o2.pl     
piotr_bondaruk@wp.pl     
legerqwerty@gmial.com     
sonar.sonar@tlen.pl     
sekopgd@wp.pl     
szczechul97@gmail.com     
piotrex@onet.com.pl     
platan@platan.pl     
pmp@pmp.wej.pl     
wbest1@wp.pl     
info@poli-kos.pl     
polnet.biuro@gmail.com     
sekretariat@psgaz.pl     
slawomir_peda@wp.pl     
power_system@onet.en     
pawel.pyzdrowski@vp.pl     
ppodskarbi@wp.pl     
kontakt@adicom.org     
stefan.pajor@wp.pl     
elhad@plusnet.pl     
info@pepeheating.com     
graczynski58@gmail.com     
suripere1@gmail.com     
mati12422@wp.pl     
format-bis@wp.pl     
pos-gaz@wp.pl     
info@pradservice.com     
premm-instalacje@wp.pl     
kdrobczyk@wp.pl     
a.kamiski73@wp.pl     
tomasz.centala@wp.pl     
ksiegowosc@petrus.pl     
proair@proair.pl     
lukasz.swislocki@interia.pl     
g.l@o2.pl     
sekretariat@pro-netmedia.pl     
proa.sp.zoo@gmail.com     
kontakt@proamtel.pl     
biuro@pro-ars.pl     
proconet@wp.pl     
betonowe.szamba.eko@gmail.com     
biuro@proelinstal.pl     
rafalkobierowski@o2.pl     
artur@progresselectric.pl     
michal.katzor@gmail.com     
biuro@proinstaltech.pl     
info@safeguard.net.pl     
1964kd@wp.pl     
szymonantoniewicz@wp.pl     
cuba.kulas@gmail.com     
m.promar@wp.pl     
biuro@pro-netmedia.pl     
biuro@prosecuritypolska.pl     
info@pro-system.pl     
zueprotech@wp.pl     
twarakomski@yahoo.com     
protectum@protectum.pl     
rafaliwanickii@gmail.com     
prowem@wp.pl     
intech.malbork@wp.pl     
info@el-sun.eu     
biuro@mareltech.pl     
adamram@wp.pl     
biuro@el-forte.pl     
hydrobudeko@wp.pl     
lemabiuro@wp.pl     
cesta@poczta.onet.pl     
misioryba@interia.pl     
tom-instal@wp.pl     
michal.masternak@masternak.pl     
teltor-pol@teltor-pol.pl     
inexsa@pro.onet.pl     
biuro@centrogaz.pl     
igmar3@wp.pl     
andrzejbanaszewski@interia.pl     
krzysztofort@o2.pl     
matrix.biuro@o2.pl     
radek@tellacz.com.pl     
biuro@kostew.pl     
pawel.piekarek@biuropm.pl     
el.ar@wp.pl     
biuro@posteor.com.pl     
mietekdamaszke@gmail.com     
przemyslaw.janusz88@wp.pl     
elmo.elektryk@gmail.com     
przemwrotny@gmail.com     
darmont@op.pl     
biuro@lpg.slupsk.pl     
cybulskigrzegorz99@gmail.com     
metrosat@wp.pl     
bartosz.siarnowski@gmail.com     
mariusz.socha@vp.pl     
czarnytak@o2.pl     
partyka.pulsar@gmail.com     
emil4x4@gmai.com     
pwmach@wp.pl     
qualitel@qualitel.pl     
krystian.babec@o2.pl     
radiocoax@radiocoax.pl     
radlasfuh@poczta.onet.pl     
market@radmor.com.pl     
rjaworowicz@gmail.com     
rafalelektr@wp.pl     
schillingrafal@gmail.com     
rafalwalkowiak92@gmail.com     
rafalwesierski@interia.pl     
rafgel@wp.pl     
rageon@o2.pl     
kontakt@raner.pl     
r.kalkowski@wp.pl     
rafal_zal@wp.pl     
grzegorzzychski@gmail.com     
pomoctechnicznapomorze@gmail.com     
remigiuszfelenczak@wp.pl     
lipecki.piotr@gmail.com     
uslugielektryczne1@o2.pl     
s.michalik@vp.pl     
robert.kwidzinski1@gmail.com     
robelektronik@wp.pl     
robert_benkowski@wp.pl     
majer@telecom-partner.com     
kontakt@robimy.com.pl     
robswit@wp.pl     
instalacje.tczew@wp.pl     
romanmamel@gmail.com     
biuro@rpsolar.pl     
biuro@rprojekt.pl     
gabrys10@op.pl     
sebastian.regulski94@gmail.com     
rudeckim@poczta.onet.pl     
ppis-zr@wp.pl     
catrus23@gmail.com     
rysbud22@wp.pl     
biuro@s4group.pl     
phu-roberts@wp.pl     
macgro7@gmail.com     
m.sopolinski@wp.pl     
jacek.litwinski@wp.pl     
r.piasek@vectra.pl     
satrixgda@wp.pl     
mik.lewand@gmail.com     
tadeusz.pionke@gmail.com     
sebastiandrzewiecki0@gmail.com     
sedastian.j@spoko.pl     
sebanecel@gmail.com     
rutek585@wp.pl     
wira-security@wp.pl     
biuro@segurro.pl     
instalacjesikorski@gmail.com     
biuro@gaczewski.pl     
serwico2@o2.pl     
info@sescom.eu     
kiragaj@interia.pl     
biuro@sezamsystemy.pl     
biuro@signalservice.pl     
sikora824@wp.pl     
silco@silco.pl     
simtechserwis@gmail.com     
sbudyak75@gmail.com     
k-albecki@wp.pl     
biuro@skagen-electric.pl     
skorsat@o2.pl     
heitz.handel@skwiercz-instal.pl     
slawomir.hrycyna@te.ndg.pl     
p.siarnowski@tintech.pl     
pawek74@wp.pl     
gabriel.grembowski@gmail.com     
biuro@elektryktorun.com.pl     
iuro@smartsystems.com.pl     
miro26m@wp.pl     
agnieszka.pruska@spr-polska.eu     
walkmar@poczta.onet.pl     
solaronics@solaronics.pl     
b.waligora@torelltechnology.pl     
biuro@solivant.pl     
solpowerpolska@gmail.com     
tokarewicz.rav@gmail.com     
spark.gdansk@o2.pl     
kp@spec-fiber.pl     
bok@spec-pec.pl     
sz.sprengel@gmail.com     
tomasz.sobczak@stcontrol.pl     
tomaszmajtacz@wp.pl     
biuro@stamico.pl     
stanislawkulas86@wp.pl     
biuro@stanma.com.pl     
tomaszlemanczyk@post.pl     
karol.drejer@gmail.com     
krzysztofstudnicki@wp.pl     
biuro@sunenergy.pl     
kontakt@sunclever.pl     
biuro@sunglobal.pl     
rafaldmochewicz@gmail.com     
biuro@superkomfort.pl     
beniamin.golabek1@gmail.com     
piotr89@poczta.onet.pl     
michal@sygnalsystemy.pl     
drotel@wp.pl     
bielik227@wp.pl     
biuro@synago.pl     
biuro@synchrongdansk.pl     
syndrom3@wp.pl     
systemserwispl@prokonto.pl     
sprzedaz@systemtourguide.pl     
info@kolektor.com.pl     
krzysztof_piwonski@wp.pl     
szt.adam.matysiak@gmail.com     
tszarafin@o2.pl     
szymon1365@gmail.com     
szymon.kostrzewa@yahoo.com     
serwisswiatgsm@gmail.com     
solar@sl.home.pl     
biuro@t-i-b.pl     
tadeusz2410@wp.pl     
igus_27@op.pl     
andrzejbaturo@wp.pl     
michal.bartosik1980@gmail.com     
adam.tarnowski@vp.pl     
tatarczuk.serwis@poczta.fm     
m.losinski@vp.pl     
ltysler@gmail.com     
biuro@technomaszt.pl     
saja.marcin@gmail.com     
tedex.golunski@wp.pl     
pietrulewicz.jerzy@gmail.com     
zuchniks@vp.pl     
manhattan@teleexpert.pl     
merf3@wp.pl     
mariusz50@poczta.fm     
telejon@gd.onet.pl     
xmedia@xmedia.com.pl     
chmielewski.andrzej@gmail.com     
ladach.kamil@gmail.com     
ireneusz.rompa@gmail.com     
telsat@telsat.com.pl     
ireneusz.abraham@wp.pl     
teletechinstalacje@gmail.com     
tiptopbis@gmail.com     
jasiekboszke3@gmail.com     
krzysztof.matusewicz@telfaz.pl     
sekretariat@telkros.pl     
patrykp@jo.pl     
telmar@pro.onet.pl     
telsatpp@wp.pl     
bigrybka@wp.pl     
termal.baginski@wp.pl     
biuro@tgz.com.pl     
lakitom@wp.pl     
macrum1995@gmail.com     
biuro@tmc24.pl     
tminstal@tminstal.pl     
wojdat.tomek@gmail.com     
jtobienski@o2.pl     
ltobias@interia.pl     
tomarosieczna@gmail.com     
tomekcichuckii@o2.pl     
aleksandrafilipek2@gmail.com     
tomek-klata@wp.pl     
tomaszmielewski@wp.pl     
pietrzaktomek426@wp.pl     
biuro@pwserkowski.pl     
tomasz.wielgat@gmail.com     
fantomass@vp.pl     
tomex.instalacje1@gmail.com     
t.grzenkowicz@gmail.com     
biuro@toppartner.pl     
t.pinvestments.info@gmail.com     
tremar.biuro@wp.pl     
trepczyk.marcin@gmail.com     
stomasz022@gmail.com     
biuro@ttitc.pl     
tugal.elektro@o2.pl     
autosto@op.pl     
biuro@twojaenergetyka.pl     
capobanan@gmail.com     
kontakt@u1.com.pl     
pawel.wojciul@gmail.com     
office@unfaketech.com     
l.lipka@wp.pl     
uniserwis@go2.pl     
e.sadowska@unitech.gda.pl     
biuro@ie24.org     
bubus69@wp.pl     
tomaszstech@gmail.com     
pestka-kwidzyn@o2.pl     
kulinski.jedrzej@gmail.com     
roberthass@interia.pl     
zbyszek2302@o2.pl     
piwek.energ@vp.pl     
marcinplichta@o2.pl     
sn.elektryk@wp.pl     
pateka32@vp.pl     
andrzej462@wp.pl     
gurskiarkadiusz222@gmail.com     
arek95@op.pl     
dariuszbudnik@wp.pl     
dariusz.zywicki@interia.pl     
zdzienickid@gmail.com     
mateusz.wirkus@wp.pl     
aleksanderrybakowski@gmail.com     
gajewski1984@wp.pl     
julianoch@wp.pl     
sylwester1381@wp.pl     
mbratkowski06@aol.com     
marekmigas@bazadanych.com.pl     
damps.m@wp.pl     
enio4@interia.pl     
paweldzieminski@gmail.com     
radekkudlaty@wp.pl     
rr11@interia.eu     
warkuszrafal@wp.pl     
szymdett@wp.pl     
tadzio142@gmail.com     
tomekkosecki@poczta.onet.pl     
tkupski12@wp.pl     
rybkatomasz@o2.pl     
qalalida@gmail.com     
dudek945@wp.pl     
adamh@poczta.onet.pl     
gilo82@wp.pl     
z.weiner@wp.pl     
stanislaw.rzeppa@wp.pl     
slopuski@poczta.onet.pl     
mirecki22@wp.pl     
chomickip@o2.pl     
michalt153@wp.pl     
justi179@wp.pl     
mboiwko@gmail.com     
tomex.went@wp.pl     
radkop97@wp.pl     
ur.ebd@wp.pl     
marszal.darek@gmail.com     
dariusz.matys@yahoo.com     
zdanowiczkrzysztof@interia.pl     
bohdant@wp.pl     
lech@centralne-odkurzacze.gda.pl     
pecu40@poczta.fm     
mareksulkowski@wp.pl     
s.grzelak@vestram.pl     
biuro@vetra.com.pl     
viator@viator.pl     
k.wachler@wp.pl     
info@viktel.com.pl     
biuro@virtuscontrol.pl     
office@visenergia.com.pl     
vitom.info@wp.pl     
biuro@vlmoperator.pl     
biuro@voicetel.pl     
jacek-fran23@wp.pl     
sylwester@volguth.pl     
m.kaczmarczyk.pv@gmail.com     
s.jacko@wp.pl     
volt.biuro@wp.pl     
grzegorz.parszewski@wp.pl     
midre@o2.pl     
jacek.dudziak@interia.pl     
info@wakosun.pl     
ola_mroczko@wp.pl     
leszczyk@poczta.onet.eu     
waldek@me.com     
waltel@waltel.pl     
warmserwis@warmserwis.pl     
watrs@wp.pl     
biuro@waterm.pl     
biurorachunkowe.kaszuba@wp.pl     
projekt@waveform.pl     
domofony.gdynia@wp.pl     
instalacjeweiner@o2.pl     
w-gliniecka@wp.pl     
westinstalacje@wp.pl     
wika-pj@wp.pl     
ossowickiwiktor@gmail.com     
pawel.sawkow@gmail.com     
sylwesterwieczorek@agaricus.pl     
witold.reszka@witnet.pl     
jacek.wica@vp.pl     
bok@wmc-si.pl     
biuro@wmc-si.pl     
biuro@wodjar.pl     
wodnik.kuc@op.pl     
wojciechfalk@gmail.com     
wgawin@interia.pl     
wojtekkrampa@wp.pl     
wojcieszko@gmail.com     
wolmir-gaz@neostrada.pl     
biuro@wpenergy.pl     
pozorskajolanta13@gmail.com     
biuro@wrosystem.pl     
marektybora@wp.pl     
piotrnl@pio.onet.pl     
ryszard.dabrowski4@wp.pl     
elmar-branka@wp.pl     
biel.hyd@onet.eu     
zis@rotmanka.pl     
liedtke.wojciech@gmail.com     
poleski@op.pl     
elektroprofesional@gmail.com     
elmir@elmir.koti.pl     
domofonysopot@wp.pl     
zut@sl.home.pl     
stszyk@poczta.onet.pl     
bylinka@gmail.com     
innopec@innopec.pl     
zb.czaplewski@wp.pl     
z.stojek@o2.pl     
jprzedwojski@gmail.com     
zenon.lata59@gmail.com     
zmudmichal@o2.pl     
zre@zregdansk.pl     
